"ID","Class"
6284,"H"
6285,"E"
6286,"R"
6287,"O"
6288,"P"
6289,"E"
6290,"O"
6291,"p"
6292,"B"
6293,"H"
6294,"N"
6295,"A"
6296,"R"
6297,"H"
6298,"M"
6299,"A"
6300,"A"
6301,"R"
6302,"A"
6303,"S"
6304,"M"
6305,"o"
6306,"I"
6307,"a"
6308,"R"
6309,"R"
6310,"e"
6311,"O"
6312,"D"
6313,"r"
6314,"A"
6315,"W"
6316,"e"
6317,"U"
6318,"A"
6319,"e"
6320,"L"
6321,"W"
6322,"O"
6323,"I"
6324,"W"
6325,"I"
6326,"N"
6327,"M"
6328,"R"
6329,"l"
6330,"o"
6331,"A"
6332,"i"
6333,"v"
6334,"e"
6335,"E"
6336,"i"
6337,"I"
6338,"R"
6339,"E"
6340,"O"
6341,"S"
6342,"O"
6343,"R"
6344,"o"
6345,"R"
6346,"E"
6347,"0"
6348,"T"
6349,"E"
6350,"o"
6351,"p"
6352,"P"
6353,"I"
6354,"O"
6355,"L"
6356,"O"
6357,"G"
6358,"r"
6359,"N"
6360,"a"
6361,"N"
6362,"D"
6363,"N"
6364,"A"
6365,"M"
6366,"E"
6367,"e"
6368,"A"
6369,"I"
6370,"E"
6371,"A"
6372,"N"
6373,"R"
6374,"S"
6375,"E"
6376,"L"
6377,"A"
6378,"e"
6379,"S"
6380,"T"
6381,"M"
6382,"O"
6383,"E"
6384,"R"
6385,"N"
6386,"A"
6387,"A"
6388,"n"
6389,"O"
6390,"A"
6391,"R"
6392,"T"
6393,"A"
6394,"A"
6395,"P"
6396,"I"
6397,"O"
6398,"S"
6399,"A"
6400,"r"
6401,"S"
6402,"A"
6403,"E"
6404,"N"
6405,"y"
6406,"A"
6407,"n"
6408,"I"
6409,"T"
6410,"N"
6411,"C"
6412,"2"
6413,"O"
6414,"R"
6415,"E"
6416,"N"
6417,"O"
6418,"P"
6419,"N"
6420,"A"
6421,"w"
6422,"O"
6423,"N"
6424,"S"
6425,"I"
6426,"S"
6427,"A"
6428,"A"
6429,"O"
6430,"A"
6431,"S"
6432,"D"
6433,"S"
6434,"S"
6435,"O"
6436,"I"
6437,"T"
6438,"L"
6439,"o"
6440,"T"
6441,"O"
6442,"0"
6443,"A"
6444,"s"
6445,"i"
6446,"E"
6447,"A"
6448,"N"
6449,"A"
6450,"I"
6451,"L"
6452,"E"
6453,"R"
6454,"R"
6455,"M"
6456,"R"
6457,"R"
6458,"I"
6459,"T"
6460,"O"
6461,"N"
6462,"A"
6463,"M"
6464,"e"
6465,"C"
6466,"M"
6467,"C"
6468,"A"
6469,"A"
6470,"u"
6471,"H"
6472,"A"
6473,"A"
6474,"E"
6475,"N"
6476,"A"
6477,"T"
6478,"A"
6479,"A"
6480,"Y"
6481,"A"
6482,"a"
6483,"T"
6484,"D"
6485,"H"
6486,"0"
6487,"E"
6488,"M"
6489,"P"
6490,"e"
6491,"O"
6492,"P"
6493,"A"
6494,"Y"
6495,"R"
6496,"P"
6497,"E"
6498,"P"
6499,"U"
6500,"S"
6501,"i"
6502,"O"
6503,"n"
6504,"A"
6505,"e"
6506,"t"
6507,"I"
6508,"e"
6509,"E"
6510,"H"
6511,"C"
6512,"I"
6513,"I"
6514,"M"
6515,"I"
6516,"N"
6517,"S"
6518,"A"
6519,"N"
6520,"O"
6521,"e"
6522,"R"
6523,"G"
6524,"S"
6525,"L"
6526,"E"
6527,"C"
6528,"O"
6529,"E"
6530,"I"
6531,"A"
6532,"I"
6533,"A"
6534,"a"
6535,"C"
6536,"i"
6537,"R"
6538,"L"
6539,"S"
6540,"E"
6541,"O"
6542,"R"
6543,"E"
6544,"O"
6545,"h"
6546,"A"
6547,"T"
6548,"R"
6549,"I"
6550,"A"
6551,"E"
6552,"N"
6553,"M"
6554,"e"
6555,"I"
6556,"w"
6557,"o"
6558,"i"
6559,"I"
6560,"r"
6561,"B"
6562,"O"
6563,"n"
6564,"S"
6565,"E"
6566,"N"
6567,"A"
6568,"H"
6569,"S"
6570,"E"
6571,"O"
6572,"O"
6573,"N"
6574,"S"
6575,"O"
6576,"H"
6577,"O"
6578,"0"
6579,"R"
6580,"A"
6581,"I"
6582,"R"
6583,"A"
6584,"E"
6585,"T"
6586,"I"
6587,"i"
6588,"E"
6589,"t"
6590,"A"
6591,"E"
6592,"I"
6593,"E"
6594,"e"
6595,"R"
6596,"I"
6597,"O"
6598,"I"
6599,"A"
6600,"I"
6601,"O"
6602,"P"
6603,"E"
6604,"U"
6605,"S"
6606,"L"
6607,"E"
6608,"A"
6609,"T"
6610,"H"
6611,"C"
6612,"D"
6613,"H"
6614,"O"
6615,"C"
6616,"A"
6617,"R"
6618,"M"
6619,"N"
6620,"R"
6621,"O"
6622,"C"
6623,"O"
6624,"T"
6625,"n"
6626,"A"
6627,"P"
6628,"O"
6629,"e"
6630,"K"
6631,"O"
6632,"T"
6633,"A"
6634,"P"
6635,"e"
6636,"O"
6637,"E"
6638,"T"
6639,"E"
6640,"C"
6641,"T"
6642,"P"
6643,"O"
6644,"s"
6645,"E"
6646,"i"
6647,"C"
6648,"S"
6649,"u"
6650,"P"
6651,"E"
6652,"T"
6653,"o"
6654,"N"
6655,"E"
6656,"A"
6657,"P"
6658,"K"
6659,"I"
6660,"e"
6661,"E"
6662,"L"
6663,"R"
6664,"E"
6665,"T"
6666,"R"
6667,"o"
6668,"A"
6669,"I"
6670,"I"
6671,"O"
6672,"T"
6673,"O"
6674,"R"
6675,"P"
6676,"A"
6677,"A"
6678,"P"
6679,"I"
6680,"L"
6681,"o"
6682,"E"
6683,"L"
6684,"A"
6685,"o"
6686,"N"
6687,"I"
6688,"R"
6689,"L"
6690,"A"
6691,"S"
6692,"I"
6693,"A"
6694,"O"
6695,"A"
6696,"N"
6697,"E"
6698,"P"
6699,"i"
6700,"H"
6701,"O"
6702,"K"
6703,"I"
6704,"O"
6705,"e"
6706,"H"
6707,"E"
6708,"I"
6709,"E"
6710,"l"
6711,"O"
6712,"A"
6713,"r"
6714,"E"
6715,"E"
6716,"A"
6717,"S"
6718,"4"
6719,"0"
6720,"V"
6721,"S"
6722,"0"
6723,"M"
6724,"n"
6725,"M"
6726,"T"
6727,"N"
6728,"E"
6729,"B"
6730,"S"
6731,"A"
6732,"T"
6733,"C"
6734,"E"
6735,"l"
6736,"C"
6737,"D"
6738,"R"
6739,"n"
6740,"E"
6741,"A"
6742,"T"
6743,"E"
6744,"A"
6745,"A"
6746,"R"
6747,"N"
6748,"a"
6749,"U"
6750,"I"
6751,"t"
6752,"t"
6753,"n"
6754,"Y"
6755,"a"
6756,"E"
6757,"R"
6758,"R"
6759,"A"
6760,"T"
6761,"E"
6762,"e"
6763,"N"
6764,"O"
6765,"S"
6766,"I"
6767,"U"
6768,"e"
6769,"O"
6770,"t"
6771,"D"
6772,"A"
6773,"R"
6774,"V"
6775,"T"
6776,"R"
6777,"N"
6778,"D"
6779,"0"
6780,"C"
6781,"a"
6782,"U"
6783,"A"
6784,"D"
6785,"C"
6786,"t"
6787,"T"
6788,"e"
6789,"P"
6790,"0"
6791,"I"
6792,"N"
6793,"O"
6794,"M"
6795,"T"
6796,"e"
6797,"A"
6798,"n"
6799,"D"
6800,"N"
6801,"A"
6802,"O"
6803,"A"
6804,"A"
6805,"O"
6806,"I"
6807,"a"
6808,"C"
6809,"M"
6810,"D"
6811,"N"
6812,"y"
6813,"S"
6814,"T"
6815,"O"
6816,"A"
6817,"E"
6818,"t"
6819,"O"
6820,"A"
6821,"T"
6822,"S"
6823,"R"
6824,"L"
6825,"H"
6826,"S"
6827,"N"
6828,"N"
6829,"F"
6830,"R"
6831,"a"
6832,"C"
6833,"E"
6834,"S"
6835,"C"
6836,"D"
6837,"A"
6838,"S"
6839,"I"
6840,"I"
6841,"I"
6842,"a"
6843,"E"
6844,"A"
6845,"d"
6846,"r"
6847,"U"
6848,"I"
6849,"r"
6850,"h"
6851,"O"
6852,"I"
6853,"E"
6854,"E"
6855,"u"
6856,"R"
6857,"E"
6858,"N"
6859,"A"
6860,"e"
6861,"N"
6862,"n"
6863,"T"
6864,"R"
6865,"I"
6866,"E"
6867,"A"
6868,"S"
6869,"A"
6870,"E"
6871,"L"
6872,"T"
6873,"O"
6874,"S"
6875,"A"
6876,"A"
6877,"A"
6878,"E"
6879,"I"
6880,"a"
6881,"E"
6882,"O"
6883,"T"
6884,"L"
6885,"N"
6886,"I"
6887,"A"
6888,"A"
6889,"E"
6890,"e"
6891,"S"
6892,"I"
6893,"I"
6894,"I"
6895,"T"
6896,"I"
6897,"A"
6898,"r"
6899,"A"
6900,"I"
6901,"E"
6902,"G"
6903,"R"
6904,"s"
6905,"E"
6906,"I"
6907,"R"
6908,"R"
6909,"A"
6910,"L"
6911,"I"
6912,"R"
6913,"D"
6914,"I"
6915,"O"
6916,"I"
6917,"e"
6918,"e"
6919,"T"
6920,"R"
6921,"Y"
6922,"M"
6923,"A"
6924,"A"
6925,"S"
6926,"E"
6927,"N"
6928,"E"
6929,"E"
6930,"R"
6931,"N"
6932,"O"
6933,"A"
6934,"C"
6935,"L"
6936,"O"
6937,"A"
6938,"e"
6939,"A"
6940,"D"
6941,"A"
6942,"R"
6943,"P"
6944,"O"
6945,"C"
6946,"N"
6947,"I"
6948,"T"
6949,"1"
6950,"L"
6951,"V"
6952,"o"
6953,"D"
6954,"n"
6955,"I"
6956,"D"
6957,"A"
6958,"E"
6959,"0"
6960,"O"
6961,"E"
6962,"C"
6963,"E"
6964,"O"
6965,"A"
6966,"r"
6967,"N"
6968,"V"
6969,"Y"
6970,"I"
6971,"i"
6972,"S"
6973,"L"
6974,"T"
6975,"t"
6976,"e"
6977,"R"
6978,"A"
6979,"A"
6980,"l"
6981,"O"
6982,"B"
6983,"A"
6984,"E"
6985,"D"
6986,"P"
6987,"F"
6988,"A"
6989,"E"
6990,"R"
6991,"O"
6992,"o"
6993,"T"
6994,"S"
6995,"N"
6996,"T"
6997,"a"
6998,"A"
6999,"L"
7000,"A"
7001,"A"
7002,"I"
7003,"N"
7004,"t"
7005,"A"
7006,"P"
7007,"m"
7008,"E"
7009,"T"
7010,"S"
7011,"T"
7012,"O"
7013,"R"
7014,"O"
7015,"J"
7016,"R"
7017,"E"
7018,"L"
7019,"i"
7020,"A"
7021,"M"
7022,"N"
7023,"O"
7024,"L"
7025,"O"
7026,"p"
7027,"a"
7028,"R"
7029,"E"
7030,"C"
7031,"R"
7032,"T"
7033,"e"
7034,"O"
7035,"e"
7036,"A"
7037,"E"
7038,"O"
7039,"r"
7040,"A"
7041,"2"
7042,"0"
7043,"Y"
7044,"E"
7045,"E"
7046,"O"
7047,"R"
7048,"O"
7049,"I"
7050,"I"
7051,"O"
7052,"1"
7053,"h"
7054,"i"
7055,"E"
7056,"2"
7057,"e"
7058,"T"
7059,"A"
7060,"o"
7061,"K"
7062,"T"
7063,"e"
7064,"N"
7065,"O"
7066,"R"
7067,"S"
7068,"i"
7069,"O"
7070,"F"
7071,"O"
7072,"7"
7073,"G"
7074,"R"
7075,"R"
7076,"A"
7077,"O"
7078,"R"
7079,"L"
7080,"E"
7081,"A"
7082,"O"
7083,"D"
7084,"P"
7085,"I"
7086,"E"
7087,"h"
7088,"I"
7089,"D"
7090,"E"
7091,"R"
7092,"E"
7093,"R"
7094,"e"
7095,"I"
7096,"T"
7097,"O"
7098,"E"
7099,"E"
7100,"T"
7101,"R"
7102,"D"
7103,"L"
7104,"3"
7105,"O"
7106,"E"
7107,"L"
7108,"O"
7109,"I"
7110,"I"
7111,"A"
7112,"Y"
7113,"E"
7114,"e"
7115,"T"
7116,"E"
7117,"L"
7118,"A"
7119,"S"
7120,"E"
7121,"R"
7122,"e"
7123,"S"
7124,"B"
7125,"S"
7126,"A"
7127,"e"
7128,"A"
7129,"E"
7130,"A"
7131,"o"
7132,"S"
7133,"R"
7134,"N"
7135,"C"
7136,"r"
7137,"0"
7138,"E"
7139,"E"
7140,"l"
7141,"T"
7142,"E"
7143,"N"
7144,"A"
7145,"t"
7146,"i"
7147,"e"
7148,"W"
7149,"O"
7150,"R"
7151,"I"
7152,"E"
7153,"a"
7154,"O"
7155,"A"
7156,"O"
7157,"E"
7158,"R"
7159,"N"
7160,"E"
7161,"P"
7162,"a"
7163,"H"
7164,"T"
7165,"A"
7166,"L"
7167,"A"
7168,"E"
7169,"N"
7170,"E"
7171,"O"
7172,"D"
7173,"E"
7174,"X"
7175,"E"
7176,"S"
7177,"R"
7178,"A"
7179,"P"
7180,"h"
7181,"A"
7182,"H"
7183,"M"
7184,"A"
7185,"7"
7186,"A"
7187,"E"
7188,"T"
7189,"M"
7190,"H"
7191,"a"
7192,"A"
7193,"i"
7194,"S"
7195,"O"
7196,"O"
7197,"R"
7198,"K"
7199,"O"
7200,"N"
7201,"1"
7202,"a"
7203,"O"
7204,"O"
7205,"e"
7206,"o"
7207,"A"
7208,"N"
7209,"H"
7210,"T"
7211,"R"
7212,"N"
7213,"E"
7214,"A"
7215,"T"
7216,"C"
7217,"y"
7218,"T"
7219,"I"
7220,"E"
7221,"A"
7222,"A"
7223,"R"
7224,"W"
7225,"C"
7226,"S"
7227,"e"
7228,"A"
7229,"O"
7230,"r"
7231,"E"
7232,"N"
7233,"R"
7234,"D"
7235,"U"
7236,"O"
7237,"n"
7238,"O"
7239,"K"
7240,"R"
7241,"L"
7242,"f"
7243,"A"
7244,"N"
7245,"N"
7246,"S"
7247,"O"
7248,"a"
7249,"O"
7250,"O"
7251,"D"
7252,"E"
7253,"E"
7254,"a"
7255,"A"
7256,"E"
7257,"A"
7258,"A"
7259,"E"
7260,"I"
7261,"I"
7262,"O"
7263,"R"
7264,"i"
7265,"I"
7266,"C"
7267,"S"
7268,"D"
7269,"e"
7270,"E"
7271,"N"
7272,"G"
7273,"R"
7274,"S"
7275,"N"
7276,"t"
7277,"T"
7278,"R"
7279,"L"
7280,"l"
7281,"n"
7282,"T"
7283,"T"
7284,"l"
7285,"E"
7286,"R"
7287,"P"
7288,"I"
7289,"D"
7290,"A"
7291,"E"
7292,"e"
7293,"E"
7294,"H"
7295,"E"
7296,"R"
7297,"K"
7298,"e"
7299,"A"
7300,"O"
7301,"I"
7302,"T"
7303,"O"
7304,"I"
7305,"C"
7306,"B"
7307,"O"
7308,"n"
7309,"T"
7310,"R"
7311,"E"
7312,"r"
7313,"A"
7314,"A"
7315,"M"
7316,"I"
7317,"S"
7318,"A"
7319,"I"
7320,"C"
7321,"M"
7322,"T"
7323,"B"
7324,"B"
7325,"A"
7326,"O"
7327,"N"
7328,"C"
7329,"T"
7330,"R"
7331,"R"
7332,"I"
7333,"A"
7334,"A"
7335,"R"
7336,"S"
7337,"e"
7338,"P"
7339,"I"
7340,"L"
7341,"R"
7342,"E"
7343,"E"
7344,"E"
7345,"R"
7346,"O"
7347,"O"
7348,"P"
7349,"E"
7350,"A"
7351,"e"
7352,"H"
7353,"D"
7354,"A"
7355,"P"
7356,"A"
7357,"7"
7358,"r"
7359,"A"
7360,"i"
7361,"r"
7362,"M"
7363,"A"
7364,"E"
7365,"C"
7366,"T"
7367,"I"
7368,"S"
7369,"E"
7370,"A"
7371,"R"
7372,"O"
7373,"T"
7374,"n"
7375,"S"
7376,"T"
7377,"I"
7378,"I"
7379,"I"
7380,"F"
7381,"E"
7382,"S"
7383,"S"
7384,"O"
7385,"R"
7386,"O"
7387,"a"
7388,"O"
7389,"I"
7390,"S"
7391,"T"
7392,"T"
7393,"M"
7394,"S"
7395,"I"
7396,"H"
7397,"L"
7398,"D"
7399,"D"
7400,"I"
7401,"A"
7402,"R"
7403,"N"
7404,"A"
7405,"E"
7406,"R"
7407,"E"
7408,"E"
7409,"O"
7410,"a"
7411,"N"
7412,"A"
7413,"r"
7414,"3"
7415,"A"
7416,"I"
7417,"T"
7418,"A"
7419,"O"
7420,"E"
7421,"I"
7422,"C"
7423,"O"
7424,"7"
7425,"O"
7426,"e"
7427,"E"
7428,"M"
7429,"R"
7430,"I"
7431,"I"
7432,"I"
7433,"A"
7434,"e"
7435,"F"
7436,"R"
7437,"2"
7438,"E"
7439,"S"
7440,"y"
7441,"e"
7442,"A"
7443,"T"
7444,"R"
7445,"S"
7446,"P"
7447,"R"
7448,"C"
7449,"D"
7450,"L"
7451,"L"
7452,"D"
7453,"E"
7454,"s"
7455,"y"
7456,"E"
7457,"C"
7458,"M"
7459,"A"
7460,"S"
7461,"N"
7462,"E"
7463,"L"
7464,"I"
7465,"T"
7466,"G"
7467,"o"
7468,"A"
7469,"T"
7470,"E"
7471,"l"
7472,"N"
7473,"I"
7474,"P"
7475,"N"
7476,"9"
7477,"R"
7478,"S"
7479,"a"
7480,"A"
7481,"C"
7482,"O"
7483,"d"
7484,"L"
7485,"A"
7486,"I"
7487,"C"
7488,"S"
7489,"E"
7490,"P"
7491,"S"
7492,"N"
7493,"x"
7494,"I"
7495,"I"
7496,"S"
7497,"C"
7498,"E"
7499,"I"
7500,"e"
7501,"D"
7502,"P"
7503,"N"
7504,"D"
7505,"y"
7506,"O"
7507,"P"
7508,"O"
7509,"a"
7510,"I"
7511,"O"
7512,"R"
7513,"S"
7514,"E"
7515,"S"
7516,"r"
7517,"L"
7518,"E"
7519,"H"
7520,"E"
7521,"a"
7522,"E"
7523,"A"
7524,"I"
7525,"A"
7526,"T"
7527,"T"
7528,"F"
7529,"T"
7530,"I"
7531,"R"
7532,"O"
7533,"A"
7534,"E"
7535,"A"
7536,"3"
7537,"P"
7538,"I"
7539,"R"
7540,"l"
7541,"O"
7542,"H"
7543,"A"
7544,"H"
7545,"a"
7546,"A"
7547,"R"
7548,"E"
7549,"e"
7550,"A"
7551,"A"
7552,"E"
7553,"A"
7554,"a"
7555,"A"
7556,"R"
7557,"N"
7558,"L"
7559,"S"
7560,"M"
7561,"C"
7562,"A"
7563,"I"
7564,"T"
7565,"A"
7566,"A"
7567,"9"
7568,"R"
7569,"R"
7570,"N"
7571,"E"
7572,"E"
7573,"L"
7574,"H"
7575,"e"
7576,"R"
7577,"D"
7578,"O"
7579,"D"
7580,"A"
7581,"H"
7582,"O"
7583,"R"
7584,"M"
7585,"n"
7586,"T"
7587,"E"
7588,"P"
7589,"w"
7590,"S"
7591,"P"
7592,"e"
7593,"T"
7594,"M"
7595,"C"
7596,"O"
7597,"R"
7598,"I"
7599,"E"
7600,"R"
7601,"i"
7602,"L"
7603,"N"
7604,"A"
7605,"N"
7606,"E"
7607,"a"
7608,"S"
7609,"A"
7610,"L"
7611,"D"
7612,"E"
7613,"O"
7614,"I"
7615,"a"
7616,"A"
7617,"r"
7618,"I"
7619,"D"
7620,"E"
7621,"O"
7622,"T"
7623,"E"
7624,"A"
7625,"0"
7626,"Y"
7627,"o"
7628,"O"
7629,"e"
7630,"n"
7631,"O"
7632,"I"
7633,"A"
7634,"A"
7635,"E"
7636,"X"
7637,"P"
7638,"O"
7639,"3"
7640,"E"
7641,"E"
7642,"A"
7643,"T"
7644,"e"
7645,"E"
7646,"t"
7647,"P"
7648,"A"
7649,"O"
7650,"P"
7651,"R"
7652,"I"
7653,"A"
7654,"O"
7655,"5"
7656,"i"
7657,"E"
7658,"A"
7659,"r"
7660,"N"
7661,"G"
7662,"R"
7663,"R"
7664,"V"
7665,"L"
7666,"e"
7667,"F"
7668,"R"
7669,"T"
7670,"N"
7671,"S"
7672,"O"
7673,"I"
7674,"P"
7675,"I"
7676,"E"
7677,"D"
7678,"O"
7679,"I"
7680,"I"
7681,"A"
7682,"a"
7683,"s"
7684,"E"
7685,"H"
7686,"S"
7687,"I"
7688,"E"
7689,"B"
7690,"O"
7691,"E"
7692,"M"
7693,"C"
7694,"E"
7695,"r"
7696,"H"
7697,"O"
7698,"r"
7699,"n"
7700,"e"
7701,"E"
7702,"N"
7703,"P"
7704,"E"
7705,"R"
7706,"I"
7707,"R"
7708,"N"
7709,"R"
7710,"O"
7711,"N"
7712,"P"
7713,"e"
7714,"A"
7715,"G"
7716,"T"
7717,"R"
7718,"O"
7719,"T"
7720,"T"
7721,"S"
7722,"S"
7723,"P"
7724,"O"
7725,"S"
7726,"t"
7727,"S"
7728,"N"
7729,"S"
7730,"C"
7731,"A"
7732,"N"
7733,"E"
7734,"0"
7735,"N"
7736,"n"
7737,"S"
7738,"R"
7739,"e"
7740,"o"
7741,"O"
7742,"A"
7743,"R"
7744,"D"
7745,"A"
7746,"R"
7747,"C"
7748,"N"
7749,"N"
7750,"T"
7751,"r"
7752,"C"
7753,"T"
7754,"E"
7755,"N"
7756,"R"
7757,"D"
7758,"e"
7759,"A"
7760,"D"
7761,"i"
7762,"S"
7763,"d"
7764,"A"
7765,"I"
7766,"M"
7767,"A"
7768,"S"
7769,"A"
7770,"N"
7771,"l"
7772,"N"
7773,"E"
7774,"R"
7775,"R"
7776,"A"
7777,"n"
7778,"E"
7779,"D"
7780,"A"
7781,"A"
7782,"r"
7783,"A"
7784,"I"
7785,"s"
7786,"C"
7787,"E"
7788,"A"
7789,"D"
7790,"E"
7791,"A"
7792,"A"
7793,"t"
7794,"N"
7795,"A"
7796,"E"
7797,"N"
7798,"e"
7799,"O"
7800,"S"
7801,"a"
7802,"I"
7803,"R"
7804,"A"
7805,"A"
7806,"N"
7807,"O"
7808,"o"
7809,"U"
7810,"R"
7811,"O"
7812,"a"
7813,"C"
7814,"A"
7815,"A"
7816,"I"
7817,"E"
7818,"A"
7819,"A"
7820,"I"
7821,"F"
7822,"e"
7823,"r"
7824,"T"
7825,"n"
7826,"A"
7827,"r"
7828,"R"
7829,"P"
7830,"R"
7831,"P"
7832,"R"
7833,"5"
7834,"n"
7835,"H"
7836,"A"
7837,"R"
7838,"S"
7839,"S"
7840,"Y"
7841,"C"
7842,"w"
7843,"T"
7844,"R"
7845,"e"
7846,"I"
7847,"L"
7848,"S"
7849,"R"
7850,"r"
7851,"R"
7852,"A"
7853,"M"
7854,"E"
7855,"i"
7856,"I"
7857,"U"
7858,"O"
7859,"S"
7860,"E"
7861,"A"
7862,"t"
7863,"A"
7864,"R"
7865,"P"
7866,"N"
7867,"A"
7868,"A"
7869,"E"
7870,"O"
7871,"E"
7872,"G"
7873,"E"
7874,"A"
7875,"E"
7876,"E"
7877,"B"
7878,"I"
7879,"N"
7880,"E"
7881,"I"
7882,"I"
7883,"C"
7884,"a"
7885,"S"
7886,"U"
7887,"D"
7888,"A"
7889,"J"
7890,"E"
7891,"2"
7892,"E"
7893,"A"
7894,"S"
7895,"N"
7896,"I"
7897,"I"
7898,"S"
7899,"E"
7900,"e"
7901,"e"
7902,"E"
7903,"S"
7904,"N"
7905,"T"
7906,"O"
7907,"Y"
7908,"M"
7909,"I"
7910,"A"
7911,"K"
7912,"E"
7913,"O"
7914,"e"
7915,"C"
7916,"R"
7917,"A"
7918,"A"
7919,"L"
7920,"v"
7921,"J"
7922,"s"
7923,"H"
7924,"e"
7925,"s"
7926,"E"
7927,"Y"
7928,"L"
7929,"r"
7930,"I"
7931,"e"
7932,"A"
7933,"H"
7934,"T"
7935,"A"
7936,"U"
7937,"Y"
7938,"e"
7939,"I"
7940,"T"
7941,"r"
7942,"H"
7943,"C"
7944,"T"
7945,"E"
7946,"D"
7947,"E"
7948,"R"
7949,"o"
7950,"T"
7951,"L"
7952,"A"
7953,"A"
7954,"I"
7955,"R"
7956,"I"
7957,"I"
7958,"I"
7959,"E"
7960,"I"
7961,"E"
7962,"B"
7963,"R"
7964,"C"
7965,"O"
7966,"I"
7967,"S"
7968,"S"
7969,"O"
7970,"S"
7971,"N"
7972,"R"
7973,"R"
7974,"i"
7975,"P"
7976,"A"
7977,"R"
7978,"e"
7979,"T"
7980,"E"
7981,"T"
7982,"A"
7983,"R"
7984,"o"
7985,"L"
7986,"i"
7987,"N"
7988,"e"
7989,"O"
7990,"I"
7991,"A"
7992,"R"
7993,"I"
7994,"C"
7995,"R"
7996,"O"
7997,"R"
7998,"O"
7999,"D"
8000,"N"
8001,"O"
8002,"S"
8003,"E"
8004,"e"
8005,"T"
8006,"T"
8007,"I"
8008,"E"
8009,"A"
8010,"I"
8011,"A"
8012,"G"
8013,"R"
8014,"I"
8015,"E"
8016,"L"
8017,"N"
8018,"r"
8019,"A"
8020,"T"
8021,"A"
8022,"E"
8023,"O"
8024,"H"
8025,"e"
8026,"O"
8027,"A"
8028,"p"
8029,"A"
8030,"a"
8031,"N"
8032,"e"
8033,"e"
8034,"n"
8035,"S"
8036,"M"
8037,"E"
8038,"T"
8039,"O"
8040,"U"
8041,"A"
8042,"D"
8043,"O"
8044,"E"
8045,"I"
8046,"R"
8047,"y"
8048,"s"
8049,"n"
8050,"C"
8051,"A"
8052,"2"
8053,"N"
8054,"H"
8055,"M"
8056,"N"
8057,"I"
8058,"I"
8059,"O"
8060,"R"
8061,"S"
8062,"R"
8063,"S"
8064,"R"
8065,"E"
8066,"O"
8067,"a"
8068,"I"
8069,"N"
8070,"N"
8071,"O"
8072,"I"
8073,"S"
8074,"E"
8075,"I"
8076,"o"
8077,"T"
8078,"R"
8079,"M"
8080,"n"
8081,"F"
8082,"S"
8083,"S"
8084,"N"
8085,"d"
8086,"D"
8087,"n"
8088,"E"
8089,"D"
8090,"R"
8091,"S"
8092,"T"
8093,"e"
8094,"E"
8095,"O"
8096,"r"
8097,"T"
8098,"r"
8099,"A"
8100,"E"
8101,"i"
8102,"I"
8103,"H"
8104,"I"
8105,"A"
8106,"R"
8107,"0"
8108,"E"
8109,"T"
8110,"A"
8111,"E"
8112,"i"
8113,"E"
8114,"E"
8115,"O"
8116,"L"
8117,"A"
8118,"N"
8119,"L"
8120,"A"
8121,"R"
8122,"G"
8123,"n"
8124,"I"
8125,"O"
8126,"0"
8127,"E"
8128,"I"
8129,"7"
8130,"L"
8131,"A"
8132,"i"
8133,"N"
8134,"H"
8135,"R"
8136,"C"
8137,"R"
8138,"L"
8139,"R"
8140,"O"
8141,"I"
8142,"O"
8143,"O"
8144,"T"
8145,"A"
8146,"N"
8147,"R"
8148,"O"
8149,"S"
8150,"C"
8151,"S"
8152,"R"
8153,"E"
8154,"a"
8155,"O"
8156,"r"
8157,"A"
8158,"I"
8159,"A"
8160,"R"
8161,"R"
8162,"5"
8163,"N"
8164,"S"
8165,"P"
8166,"X"
8167,"A"
8168,"M"
8169,"R"
8170,"o"
8171,"E"
8172,"I"
8173,"r"
8174,"S"
8175,"K"
8176,"T"
8177,"R"
8178,"R"
8179,"I"
8180,"T"
8181,"I"
8182,"O"
8183,"O"
8184,"E"
8185,"e"
8186,"A"
8187,"L"
8188,"A"
8189,"H"
8190,"e"
8191,"S"
8192,"i"
8193,"S"
8194,"S"
8195,"M"
8196,"E"
8197,"A"
8198,"S"
8199,"E"
8200,"A"
8201,"i"
8202,"T"
8203,"t"
8204,"H"
8205,"O"
8206,"N"
8207,"O"
8208,"e"
8209,"L"
8210,"E"
8211,"S"
8212,"e"
8213,"A"
8214,"T"
8215,"E"
8216,"N"
8217,"C"
8218,"E"
8219,"i"
8220,"E"
8221,"I"
8222,"A"
8223,"R"
8224,"I"
8225,"N"
8226,"N"
8227,"A"
8228,"E"
8229,"E"
8230,"s"
8231,"O"
8232,"T"
8233,"N"
8234,"E"
8235,"A"
8236,"I"
8237,"P"
8238,"D"
8239,"A"
8240,"O"
8241,"O"
8242,"O"
8243,"I"
8244,"3"
8245,"G"
8246,"I"
8247,"I"
8248,"M"
8249,"E"
8250,"A"
8251,"c"
8252,"N"
8253,"A"
8254,"O"
8255,"s"
8256,"Y"
8257,"E"
8258,"A"
8259,"M"
8260,"O"
8261,"N"
8262,"O"
8263,"T"
8264,"S"
8265,"O"
8266,"S"
8267,"0"
8268,"E"
8269,"R"
8270,"d"
8271,"E"
8272,"E"
8273,"t"
8274,"o"
8275,"E"
8276,"R"
8277,"A"
8278,"A"
8279,"A"
8280,"L"
8281,"O"
8282,"R"
8283,"A"
8284,"A"
8285,"L"
8286,"S"
8287,"T"
8288,"E"
8289,"C"
8290,"E"
8291,"i"
8292,"A"
8293,"Y"
8294,"O"
8295,"T"
8296,"r"
8297,"N"
8298,"O"
8299,"L"
8300,"m"
8301,"O"
8302,"I"
8303,"O"
8304,"N"
8305,"o"
8306,"N"
8307,"I"
8308,"A"
8309,"N"
8310,"C"
8311,"R"
8312,"D"
8313,"E"
8314,"7"
8315,"A"
8316,"a"
8317,"r"
8318,"e"
8319,"D"
8320,"e"
8321,"e"
8322,"C"
8323,"E"
8324,"E"
8325,"N"
8326,"T"
8327,"i"
8328,"L"
8329,"T"
8330,"E"
8331,"A"
8332,"t"
8333,"R"
8334,"E"
8335,"O"
8336,"D"
8337,"A"
8338,"O"
8339,"C"
8340,"e"
8341,"E"
8342,"N"
8343,"A"
8344,"C"
8345,"N"
8346,"S"
8347,"e"
8348,"O"
8349,"e"
8350,"I"
8351,"A"
8352,"A"
8353,"T"
8354,"T"
8355,"l"
8356,"l"
8357,"e"
8358,"O"
8359,"I"
8360,"r"
8361,"I"
8362,"P"
8363,"e"
8364,"O"
8365,"D"
8366,"A"
8367,"O"
8368,"A"
8369,"S"
8370,"E"
8371,"i"
8372,"i"
8373,"n"
8374,"N"
8375,"P"
8376,"L"
8377,"R"
8378,"A"
8379,"N"
8380,"N"
8381,"n"
8382,"A"
8383,"R"
8384,"S"
8385,"a"
8386,"S"
8387,"N"
8388,"S"
8389,"A"
8390,"R"
8391,"T"
8392,"D"
8393,"e"
8394,"N"
8395,"S"
8396,"P"
8397,"G"
8398,"E"
8399,"I"
8400,"A"
8401,"L"
8402,"H"
8403,"I"
8404,"h"
8405,"S"
8406,"N"
8407,"S"
8408,"E"
8409,"E"
8410,"N"
8411,"E"
8412,"S"
8413,"n"
8414,"T"
8415,"D"
8416,"T"
8417,"S"
8418,"1"
8419,"E"
8420,"S"
8421,"N"
8422,"M"
8423,"U"
8424,"N"
8425,"O"
8426,"A"
8427,"R"
8428,"E"
8429,"O"
8430,"O"
8431,"A"
8432,"A"
8433,"H"
8434,"E"
8435,"O"
8436,"A"
8437,"A"
8438,"O"
8439,"A"
8440,"O"
8441,"A"
8442,"H"
8443,"R"
8444,"S"
8445,"t"
8446,"S"
8447,"e"
8448,"L"
8449,"I"
8450,"O"
8451,"n"
8452,"U"
8453,"I"
8454,"T"
8455,"1"
8456,"O"
8457,"O"
8458,"A"
8459,"M"
8460,"E"
8461,"I"
8462,"O"
8463,"E"
8464,"L"
8465,"3"
8466,"n"
8467,"H"
8468,"L"
8469,"P"
8470,"E"
8471,"I"
8472,"C"
8473,"T"
8474,"R"
8475,"R"
8476,"N"
8477,"E"
8478,"r"
8479,"C"
8480,"A"
8481,"O"
8482,"P"
8483,"R"
8484,"C"
8485,"A"
8486,"E"
8487,"I"
8488,"S"
8489,"e"
8490,"A"
8491,"E"
8492,"O"
8493,"R"
8494,"A"
8495,"L"
8496,"S"
8497,"O"
8498,"E"
8499,"P"
8500,"E"
8501,"d"
8502,"4"
8503,"S"
8504,"e"
8505,"E"
8506,"T"
8507,"E"
8508,"N"
8509,"I"
8510,"N"
8511,"R"
8512,"A"
8513,"6"
8514,"E"
8515,"O"
8516,"d"
8517,"I"
8518,"O"
8519,"O"
8520,"a"
8521,"N"
8522,"T"
8523,"R"
8524,"I"
8525,"E"
8526,"a"
8527,"A"
8528,"D"
8529,"O"
8530,"E"
8531,"P"
8532,"N"
8533,"e"
8534,"P"
8535,"O"
8536,"N"
8537,"T"
8538,"A"
8539,"D"
8540,"E"
8541,"n"
8542,"O"
8543,"I"
8544,"M"
8545,"E"
8546,"Y"
8547,"L"
8548,"T"
8549,"L"
8550,"S"
8551,"R"
8552,"O"
8553,"O"
8554,"R"
8555,"E"
8556,"S"
8557,"D"
8558,"R"
8559,"C"
8560,"I"
8561,"Y"
8562,"o"
8563,"S"
8564,"A"
8565,"A"
8566,"i"
8567,"I"
8568,"O"
8569,"I"
8570,"I"
8571,"E"
8572,"R"
8573,"I"
8574,"O"
8575,"A"
8576,"0"
8577,"R"
8578,"R"
8579,"n"
8580,"E"
8581,"A"
8582,"e"
8583,"O"
8584,"H"
8585,"T"
8586,"A"
8587,"e"
8588,"I"
8589,"n"
8590,"5"
8591,"D"
8592,"R"
8593,"I"
8594,"E"
8595,"r"
8596,"M"
8597,"A"
8598,"E"
8599,"I"
8600,"N"
8601,"L"
8602,"e"
8603,"I"
8604,"T"
8605,"E"
8606,"A"
8607,"O"
8608,"E"
8609,"J"
8610,"A"
8611,"O"
8612,"A"
8613,"I"
8614,"P"
8615,"S"
8616,"U"
8617,"R"
8618,"e"
8619,"d"
8620,"o"
8621,"R"
8622,"E"
8623,"I"
8624,"e"
8625,"E"
8626,"n"
8627,"E"
8628,"P"
8629,"A"
8630,"S"
8631,"E"
8632,"o"
8633,"S"
8634,"N"
8635,"A"
8636,"I"
8637,"C"
8638,"T"
8639,"N"
8640,"v"
8641,"S"
8642,"N"
8643,"N"
8644,"M"
8645,"A"
8646,"O"
8647,"e"
8648,"O"
8649,"I"
8650,"I"
8651,"E"
8652,"D"
8653,"e"
8654,"E"
8655,"S"
8656,"N"
8657,"I"
8658,"R"
8659,"W"
8660,"S"
8661,"O"
8662,"r"
8663,"I"
8664,"L"
8665,"A"
8666,"N"
8667,"E"
8668,"D"
8669,"A"
8670,"s"
8671,"N"
8672,"R"
8673,"e"
8674,"O"
8675,"I"
8676,"a"
8677,"e"
8678,"T"
8679,"S"
8680,"r"
8681,"I"
8682,"A"
8683,"E"
8684,"O"
8685,"E"
8686,"R"
8687,"S"
8688,"A"
8689,"S"
8690,"S"
8691,"S"
8692,"I"
8693,"O"
8694,"I"
8695,"N"
8696,"R"
8697,"O"
8698,"E"
8699,"i"
8700,"O"
8701,"E"
8702,"P"
8703,"E"
8704,"T"
8705,"7"
8706,"S"
8707,"T"
8708,"d"
8709,"T"
8710,"V"
8711,"A"
8712,"E"
8713,"H"
8714,"R"
8715,"I"
8716,"E"
8717,"E"
8718,"N"
8719,"R"
8720,"O"
8721,"R"
8722,"A"
8723,"N"
8724,"i"
8725,"V"
8726,"N"
8727,"E"
8728,"N"
8729,"S"
8730,"N"
8731,"O"
8732,"E"
8733,"o"
8734,"R"
8735,"P"
8736,"A"
8737,"A"
8738,"A"
8739,"L"
8740,"N"
8741,"I"
8742,"E"
8743,"r"
8744,"V"
8745,"I"
8746,"P"
8747,"A"
8748,"A"
8749,"D"
8750,"E"
8751,"2"
8752,"P"
8753,"A"
8754,"a"
8755,"2"
8756,"T"
8757,"I"
8758,"E"
8759,"P"
8760,"N"
8761,"O"
8762,"A"
8763,"N"
8764,"D"
8765,"n"
8766,"D"
8767,"e"
8768,"S"
8769,"e"
8770,"O"
8771,"E"
8772,"R"
8773,"S"
8774,"e"
8775,"T"
8776,"D"
8777,"A"
8778,"R"
8779,"D"
8780,"a"
8781,"C"
8782,"o"
8783,"T"
8784,"O"
8785,"A"
8786,"L"
8787,"o"
8788,"C"
8789,"e"
8790,"t"
8791,"C"
8792,"O"
8793,"A"
8794,"0"
8795,"e"
8796,"O"
8797,"T"
8798,"N"
8799,"A"
8800,"e"
8801,"A"
8802,"O"
8803,"A"
8804,"a"
8805,"E"
8806,"S"
8807,"I"
8808,"M"
8809,"U"
8810,"E"
8811,"R"
8812,"n"
8813,"A"
8814,"O"
8815,"S"
8816,"e"
8817,"e"
8818,"a"
8819,"e"
8820,"L"
8821,"w"
8822,"A"
8823,"E"
8824,"T"
8825,"C"
8826,"O"
8827,"A"
8828,"A"
8829,"E"
8830,"R"
8831,"I"
8832,"O"
8833,"I"
8834,"E"
8835,"R"
8836,"L"
8837,"P"
8838,"A"
8839,"O"
8840,"e"
8841,"N"
8842,"A"
8843,"H"
8844,"M"
8845,"P"
8846,"E"
8847,"R"
8848,"I"
8849,"A"
8850,"S"
8851,"E"
8852,"O"
8853,"R"
8854,"O"
8855,"I"
8856,"A"
8857,"n"
8858,"E"
8859,"A"
8860,"T"
8861,"D"
8862,"O"
8863,"P"
8864,"N"
8865,"e"
8866,"N"
8867,"O"
8868,"L"
8869,"E"
8870,"I"
8871,"O"
8872,"A"
8873,"E"
8874,"N"
8875,"E"
8876,"F"
8877,"I"
8878,"E"
8879,"i"
8880,"T"
8881,"R"
8882,"G"
8883,"o"
8884,"A"
8885,"O"
8886,"1"
8887,"S"
8888,"P"
8889,"N"
8890,"T"
8891,"R"
8892,"O"
8893,"A"
8894,"n"
8895,"A"
8896,"O"
8897,"T"
8898,"T"
8899,"A"
8900,"e"
8901,"e"
8902,"C"
8903,"R"
8904,"O"
8905,"O"
8906,"n"
8907,"U"
8908,"O"
8909,"I"
8910,"T"
8911,"R"
8912,"E"
8913,"E"
8914,"O"
8915,"R"
8916,"E"
8917,"e"
8918,"2"
8919,"T"
8920,"O"
8921,"C"
8922,"N"
8923,"T"
8924,"i"
8925,"s"
8926,"O"
8927,"Y"
8928,"L"
8929,"2"
8930,"R"
8931,"M"
8932,"A"
8933,"L"
8934,"r"
8935,"R"
8936,"e"
8937,"T"
8938,"O"
8939,"N"
8940,"D"
8941,"S"
8942,"S"
8943,"E"
8944,"N"
8945,"R"
8946,"R"
8947,"t"
8948,"I"
8949,"H"
8950,"r"
8951,"N"
8952,"C"
8953,"r"
8954,"U"
8955,"I"
8956,"E"
8957,"N"
8958,"T"
8959,"C"
8960,"P"
8961,"I"
8962,"M"
8963,"a"
8964,"T"
8965,"A"
8966,"T"
8967,"S"
8968,"r"
8969,"N"
8970,"e"
8971,"D"
8972,"H"
8973,"A"
8974,"I"
8975,"A"
8976,"2"
8977,"G"
8978,"T"
8979,"n"
8980,"O"
8981,"3"
8982,"W"
8983,"e"
8984,"S"
8985,"O"
8986,"B"
8987,"E"
8988,"N"
8989,"E"
8990,"R"
8991,"A"
8992,"2"
8993,"t"
8994,"S"
8995,"M"
8996,"n"
8997,"O"
8998,"A"
8999,"A"
9000,"E"
9001,"N"
9002,"A"
9003,"A"
9004,"M"
9005,"A"
9006,"R"
9007,"O"
9008,"I"
9009,"D"
9010,"A"
9011,"O"
9012,"P"
9013,"R"
9014,"o"
9015,"t"
9016,"R"
9017,"l"
9018,"B"
9019,"P"
9020,"T"
9021,"T"
9022,"R"
9023,"A"
9024,"d"
9025,"A"
9026,"N"
9027,"D"
9028,"R"
9029,"r"
9030,"D"
9031,"A"
9032,"A"
9033,"T"
9034,"R"
9035,"a"
9036,"O"
9037,"R"
9038,"r"
9039,"N"
9040,"N"
9041,"R"
9042,"E"
9043,"L"
9044,"I"
9045,"J"
9046,"I"
9047,"N"
9048,"E"
9049,"S"
9050,"E"
9051,"2"
9052,"A"
9053,"i"
9054,"A"
9055,"A"
9056,"U"
9057,"O"
9058,"I"
9059,"s"
9060,"S"
9061,"I"
9062,"A"
9063,"E"
9064,"a"
9065,"E"
9066,"A"
9067,"T"
9068,"C"
9069,"O"
9070,"E"
9071,"T"
9072,"N"
9073,"O"
9074,"m"
9075,"A"
9076,"a"
9077,"V"
9078,"E"
9079,"A"
9080,"R"
9081,"A"
9082,"O"
9083,"I"
9084,"a"
9085,"O"
9086,"N"
9087,"A"
9088,"T"
9089,"R"
9090,"A"
9091,"M"
9092,"T"
9093,"S"
9094,"E"
9095,"E"
9096,"O"
9097,"A"
9098,"A"
9099,"E"
9100,"P"
9101,"E"
9102,"I"
9103,"R"
9104,"E"
9105,"K"
9106,"R"
9107,"D"
9108,"P"
9109,"E"
9110,"I"
9111,"l"
9112,"M"
9113,"h"
9114,"O"
9115,"A"
9116,"N"
9117,"E"
9118,"M"
9119,"E"
9120,"S"
9121,"A"
9122,"T"
9123,"E"
9124,"R"
9125,"O"
9126,"2"
9127,"R"
9128,"a"
9129,"T"
9130,"C"
9131,"R"
9132,"T"
9133,"A"
9134,"e"
9135,"F"
9136,"T"
9137,"R"
9138,"E"
9139,"R"
9140,"E"
9141,"e"
9142,"E"
9143,"A"
9144,"A"
9145,"O"
9146,"O"
9147,"T"
9148,"R"
9149,"I"
9150,"T"
9151,"A"
9152,"O"
9153,"A"
9154,"O"
9155,"A"
9156,"T"
9157,"D"
9158,"f"
9159,"C"
9160,"7"
9161,"R"
9162,"S"
9163,"R"
9164,"A"
9165,"R"
9166,"E"
9167,"e"
9168,"I"
9169,"o"
9170,"M"
9171,"O"
9172,"T"
9173,"M"
9174,"A"
9175,"e"
9176,"P"
9177,"l"
9178,"I"
9179,"E"
9180,"E"
9181,"T"
9182,"M"
9183,"0"
9184,"W"
9185,"a"
9186,"N"
9187,"A"
9188,"N"
9189,"2"
9190,"I"
9191,"I"
9192,"N"
9193,"E"
9194,"A"
9195,"A"
9196,"o"
9197,"E"
9198,"R"
9199,"R"
9200,"O"
9201,"S"
9202,"A"
9203,"N"
9204,"P"
9205,"A"
9206,"T"
9207,"O"
9208,"I"
9209,"C"
9210,"A"
9211,"N"
9212,"V"
9213,"A"
9214,"P"
9215,"S"
9216,"o"
9217,"0"
9218,"2"
9219,"A"
9220,"r"
9221,"I"
9222,"E"
9223,"A"
9224,"E"
9225,"R"
9226,"E"
9227,"L"
9228,"e"
9229,"I"
9230,"S"
9231,"r"
9232,"E"
9233,"N"
9234,"E"
9235,"E"
9236,"l"
9237,"A"
9238,"L"
9239,"R"
9240,"A"
9241,"R"
9242,"A"
9243,"A"
9244,"A"
9245,"R"
9246,"A"
9247,"E"
9248,"R"
9249,"A"
9250,"a"
9251,"N"
9252,"I"
9253,"I"
9254,"M"
9255,"O"
9256,"E"
9257,"E"
9258,"A"
9259,"R"
9260,"L"
9261,"N"
9262,"T"
9263,"G"
9264,"T"
9265,"A"
9266,"o"
9267,"I"
9268,"O"
9269,"I"
9270,"S"
9271,"A"
9272,"R"
9273,"T"
9274,"N"
9275,"A"
9276,"3"
9277,"L"
9278,"E"
9279,"U"
9280,"C"
9281,"H"
9282,"E"
9283,"A"
9284,"A"
9285,"e"
9286,"R"
9287,"A"
9288,"A"
9289,"A"
9290,"O"
9291,"S"
9292,"e"
9293,"A"
9294,"T"
9295,"E"
9296,"h"
9297,"C"
9298,"E"
9299,"T"
9300,"T"
9301,"A"
9302,"E"
9303,"S"
9304,"O"
9305,"A"
9306,"A"
9307,"n"
9308,"S"
9309,"n"
9310,"I"
9311,"I"
9312,"R"
9313,"E"
9314,"A"
9315,"I"
9316,"A"
9317,"E"
9318,"A"
9319,"E"
9320,"A"
9321,"R"
9322,"N"
9323,"E"
9324,"S"
9325,"S"
9326,"H"
9327,"S"
9328,"O"
9329,"U"
9330,"R"
9331,"E"
9332,"L"
9333,"N"
9334,"M"
9335,"I"
9336,"I"
9337,"F"
9338,"I"
9339,"E"
9340,"N"
9341,"A"
9342,"R"
9343,"R"
9344,"T"
9345,"A"
9346,"I"
9347,"D"
9348,"M"
9349,"E"
9350,"T"
9351,"I"
9352,"O"
9353,"E"
9354,"A"
9355,"N"
9356,"A"
9357,"E"
9358,"O"
9359,"N"
9360,"R"
9361,"A"
9362,"O"
9363,"I"
9364,"e"
9365,"R"
9366,"o"
9367,"A"
9368,"T"
9369,"a"
9370,"A"
9371,"H"
9372,"O"
9373,"L"
9374,"O"
9375,"I"
9376,"C"
9377,"E"
9378,"S"
9379,"N"
9380,"R"
9381,"E"
9382,"S"
9383,"a"
9384,"A"
9385,"O"
9386,"2"
9387,"S"
9388,"P"
9389,"E"
9390,"m"
9391,"E"
9392,"E"
9393,"E"
9394,"N"
9395,"L"
9396,"L"
9397,"A"
9398,"E"
9399,"2"
9400,"N"
9401,"P"
9402,"e"
9403,"S"
9404,"e"
9405,"D"
9406,"O"
9407,"O"
9408,"S"
9409,"L"
9410,"o"
9411,"A"
9412,"E"
9413,"I"
9414,"I"
9415,"T"
9416,"A"
9417,"6"
9418,"O"
9419,"O"
9420,"E"
9421,"E"
9422,"A"
9423,"H"
9424,"L"
9425,"N"
9426,"G"
9427,"i"
9428,"I"
9429,"E"
9430,"T"
9431,"T"
9432,"e"
9433,"R"
9434,"R"
9435,"E"
9436,"O"
9437,"e"
9438,"o"
9439,"e"
9440,"E"
9441,"E"
9442,"N"
9443,"A"
9444,"L"
9445,"I"
9446,"2"
9447,"I"
9448,"R"
9449,"E"
9450,"A"
9451,"e"
9452,"A"
9453,"A"
9454,"S"
9455,"N"
9456,"A"
9457,"S"
9458,"O"
9459,"O"
9460,"R"
9461,"i"
9462,"D"
9463,"I"
9464,"E"
9465,"A"
9466,"A"
9467,"E"
9468,"A"
9469,"E"
9470,"I"
9471,"m"
9472,"E"
9473,"E"
9474,"I"
9475,"N"
9476,"O"
9477,"O"
9478,"A"
9479,"e"
9480,"P"
9481,"A"
9482,"I"
9483,"e"
9484,"T"
9485,"A"
9486,"H"
9487,"N"
9488,"S"
9489,"A"
9490,"O"
9491,"h"
9492,"E"
9493,"N"
9494,"O"
9495,"s"
9496,"S"
9497,"E"
9498,"A"
9499,"R"
9500,"e"
9501,"N"
9502,"o"
9503,"C"
9504,"C"
9505,"A"
9506,"7"
9507,"O"
9508,"S"
9509,"A"
9510,"A"
9511,"R"
9512,"a"
9513,"T"
9514,"A"
9515,"3"
9516,"N"
9517,"G"
9518,"B"
9519,"E"
9520,"o"
9521,"D"
9522,"A"
9523,"r"
9524,"A"
9525,"R"
9526,"e"
9527,"R"
9528,"R"
9529,"I"
9530,"P"
9531,"L"
9532,"A"
9533,"I"
9534,"1"
9535,"E"
9536,"E"
9537,"I"
9538,"T"
9539,"E"
9540,"T"
9541,"L"
9542,"T"
9543,"O"
9544,"A"
9545,"C"
9546,"E"
9547,"D"
9548,"e"
9549,"A"
9550,"E"
9551,"A"
9552,"a"
9553,"I"
9554,"R"
9555,"S"
9556,"E"
9557,"O"
9558,"S"
9559,"e"
9560,"3"
9561,"e"
9562,"R"
9563,"R"
9564,"A"
9565,"R"
9566,"A"
9567,"T"
9568,"R"
9569,"A"
9570,"V"
9571,"e"
9572,"C"
9573,"I"
9574,"E"
9575,"I"
9576,"Y"
9577,"I"
9578,"S"
9579,"N"
9580,"I"
9581,"E"
9582,"J"
9583,"A"
9584,"R"
9585,"A"
9586,"L"
9587,"O"
9588,"O"
9589,"n"
9590,"E"
9591,"A"
9592,"N"
9593,"A"
9594,"O"
9595,"O"
9596,"A"
9597,"T"
9598,"i"
9599,"N"
9600,"A"
9601,"r"
9602,"E"
9603,"e"
9604,"I"
9605,"2"
9606,"1"
9607,"A"
9608,"C"
9609,"e"
9610,"h"
9611,"T"
9612,"R"
9613,"A"
9614,"L"
9615,"A"
9616,"e"
9617,"M"
9618,"B"
9619,"s"
9620,"O"
9621,"A"
9622,"O"
9623,"D"
9624,"A"
9625,"I"
9626,"r"
9627,"I"
9628,"C"
9629,"A"
9630,"N"
9631,"I"
9632,"A"
9633,"E"
9634,"r"
9635,"A"
9636,"R"
9637,"R"
9638,"A"
9639,"A"
9640,"e"
9641,"T"
9642,"I"
9643,"3"
9644,"O"
9645,"O"
9646,"D"
9647,"E"
9648,"R"
9649,"o"
9650,"I"
9651,"I"
9652,"e"
9653,"1"
9654,"p"
9655,"E"
9656,"A"
9657,"E"
9658,"d"
9659,"R"
9660,"r"
9661,"T"
9662,"E"
9663,"R"
9664,"A"
9665,"A"
9666,"r"
9667,"0"
9668,"t"
9669,"D"
9670,"M"
9671,"e"
9672,"H"
9673,"A"
9674,"o"
9675,"t"
9676,"E"
9677,"A"
9678,"E"
9679,"I"
9680,"e"
9681,"6"
9682,"R"
9683,"P"
9684,"D"
9685,"A"
9686,"E"
9687,"S"
9688,"R"
9689,"V"
9690,"T"
9691,"A"
9692,"e"
9693,"G"
9694,"I"
9695,"O"
9696,"R"
9697,"S"
9698,"N"
9699,"1"
9700,"I"
9701,"T"
9702,"A"
9703,"r"
9704,"r"
9705,"I"
9706,"E"
9707,"T"
9708,"e"
9709,"R"
9710,"C"
9711,"I"
9712,"O"
9713,"T"
9714,"A"
9715,"B"
9716,"e"
9717,"I"
9718,"E"
9719,"N"
9720,"P"
9721,"E"
9722,"C"
9723,"R"
9724,"0"
9725,"T"
9726,"T"
9727,"D"
9728,"I"
9729,"e"
9730,"A"
9731,"A"
9732,"0"
9733,"E"
9734,"H"
9735,"R"
9736,"A"
9737,"D"
9738,"E"
9739,"T"
9740,"h"
9741,"R"
9742,"R"
9743,"A"
9744,"A"
9745,"N"
9746,"d"
9747,"r"
9748,"N"
9749,"T"
9750,"A"
9751,"m"
9752,"A"
9753,"S"
9754,"N"
9755,"S"
9756,"S"
9757,"I"
9758,"A"
9759,"T"
9760,"P"
9761,"r"
9762,"E"
9763,"R"
9764,"R"
9765,"T"
9766,"N"
9767,"A"
9768,"R"
9769,"I"
9770,"I"
9771,"r"
9772,"S"
9773,"t"
9774,"e"
9775,"E"
9776,"E"
9777,"E"
9778,"7"
9779,"I"
9780,"T"
9781,"D"
9782,"A"
9783,"O"
9784,"S"
9785,"E"
9786,"C"
9787,"R"
9788,"A"
9789,"I"
9790,"E"
9791,"N"
9792,"C"
9793,"T"
9794,"L"
9795,"N"
9796,"I"
9797,"r"
9798,"N"
9799,"I"
9800,"Z"
9801,"R"
9802,"B"
9803,"3"
9804,"I"
9805,"H"
9806,"A"
9807,"L"
9808,"C"
9809,"A"
9810,"R"
9811,"T"
9812,"R"
9813,"L"
9814,"T"
9815,"S"
9816,"r"
9817,"A"
9818,"i"
9819,"A"
9820,"M"
9821,"R"
9822,"N"
9823,"A"
9824,"0"
9825,"A"
9826,"S"
9827,"O"
9828,"s"
9829,"R"
9830,"r"
9831,"N"
9832,"T"
9833,"A"
9834,"U"
9835,"l"
9836,"O"
9837,"I"
9838,"A"
9839,"R"
9840,"I"
9841,"i"
9842,"R"
9843,"T"
9844,"i"
9845,"S"
9846,"T"
9847,"O"
9848,"R"
9849,"A"
9850,"2"
9851,"O"
9852,"R"
9853,"e"
9854,"S"
9855,"H"
9856,"O"
9857,"S"
9858,"A"
9859,"I"
9860,"I"
9861,"S"
9862,"E"
9863,"E"
9864,"d"
9865,"a"
9866,"R"
9867,"C"
9868,"S"
9869,"O"
9870,"I"
9871,"E"
9872,"N"
9873,"T"
9874,"e"
9875,"A"
9876,"T"
9877,"G"
9878,"A"
9879,"r"
9880,"E"
9881,"R"
9882,"A"
9883,"A"
9884,"N"
9885,"e"
9886,"7"
9887,"U"
9888,"O"
9889,"E"
9890,"P"
9891,"A"
9892,"O"
9893,"O"
9894,"H"
9895,"O"
9896,"i"
9897,"I"
9898,"O"
9899,"O"
9900,"A"
9901,"A"
9902,"e"
9903,"N"
9904,"e"
9905,"A"
9906,"T"
9907,"l"
9908,"S"
9909,"R"
9910,"A"
9911,"S"
9912,"A"
9913,"A"
9914,"E"
9915,"R"
9916,"R"
9917,"D"
9918,"C"
9919,"e"
9920,"T"
9921,"S"
9922,"R"
9923,"O"
9924,"n"
9925,"A"
9926,"E"
9927,"K"
9928,"A"
9929,"R"
9930,"e"
9931,"I"
9932,"S"
9933,"O"
9934,"C"
9935,"A"
9936,"A"
9937,"R"
9938,"C"
9939,"O"
9940,"I"
9941,"F"
9942,"I"
9943,"E"
9944,"E"
9945,"N"
9946,"r"
9947,"I"
9948,"E"
9949,"r"
9950,"V"
9951,"e"
9952,"M"
9953,"T"
9954,"I"
9955,"E"
9956,"E"
9957,"i"
9958,"T"
9959,"e"
9960,"r"
9961,"r"
9962,"A"
9963,"S"
9964,"E"
9965,"l"
9966,"A"
9967,"I"
9968,"T"
9969,"R"
9970,"U"
9971,"A"
9972,"N"
9973,"D"
9974,"I"
9975,"E"
9976,"N"
9977,"S"
9978,"T"
9979,"N"
9980,"T"
9981,"L"
9982,"S"
9983,"R"
9984,"S"
9985,"E"
9986,"A"
9987,"I"
9988,"R"
9989,"A"
9990,"I"
9991,"S"
9992,"T"
9993,"A"
9994,"M"
9995,"A"
9996,"U"
9997,"S"
9998,"T"
9999,"n"
10000,"T"
10001,"E"
10002,"M"
10003,"T"
10004,"g"
10005,"T"
10006,"R"
10007,"S"
10008,"E"
10009,"S"
10010,"n"
10011,"I"
10012,"e"
10013,"R"
10014,"L"
10015,"6"
10016,"S"
10017,"2"
10018,"T"
10019,"N"
10020,"K"
10021,"R"
10022,"S"
10023,"E"
10024,"A"
10025,"0"
10026,"O"
10027,"O"
10028,"L"
10029,"P"
10030,"L"
10031,"o"
10032,"E"
10033,"n"
10034,"A"
10035,"N"
10036,"S"
10037,"O"
10038,"C"
10039,"R"
10040,"A"
10041,"U"
10042,"E"
10043,"A"
10044,"I"
10045,"O"
10046,"R"
10047,"E"
10048,"N"
10049,"O"
10050,"R"
10051,"C"
10052,"N"
10053,"E"
10054,"A"
10055,"E"
10056,"O"
10057,"T"
10058,"T"
10059,"C"
10060,"L"
10061,"O"
10062,"E"
10063,"N"
10064,"E"
10065,"E"
10066,"I"
10067,"E"
10068,"D"
10069,"K"
10070,"S"
10071,"O"
10072,"n"
10073,"R"
10074,"E"
10075,"L"
10076,"I"
10077,"e"
10078,"O"
10079,"A"
10080,"P"
10081,"E"
10082,"E"
10083,"C"
10084,"D"
10085,"C"
10086,"N"
10087,"A"
10088,"N"
10089,"B"
10090,"T"
10091,"S"
10092,"E"
10093,"O"
10094,"A"
10095,"E"
10096,"r"
10097,"O"
10098,"A"
10099,"A"
10100,"D"
10101,"e"
10102,"o"
10103,"S"
10104,"N"
10105,"o"
10106,"R"
10107,"O"
10108,"A"
10109,"T"
10110,"N"
10111,"a"
10112,"N"
10113,"I"
10114,"E"
10115,"A"
10116,"R"
10117,"A"
10118,"A"
10119,"E"
10120,"T"
10121,"A"
10122,"O"
10123,"E"
10124,"C"
10125,"N"
10126,"O"
10127,"S"
10128,"P"
10129,"0"
10130,"R"
10131,"L"
10132,"3"
10133,"E"
10134,"r"
10135,"A"
10136,"F"
10137,"M"
10138,"O"
10139,"A"
10140,"A"
10141,"L"
10142,"I"
10143,"A"
10144,"l"
10145,"I"
10146,"A"
10147,"E"
10148,"L"
10149,"r"
10150,"S"
10151,"H"
10152,"A"
10153,"S"
10154,"t"
10155,"T"
10156,"A"
10157,"N"
10158,"I"
10159,"I"
10160,"e"
10161,"D"
10162,"H"
10163,"I"
10164,"D"
10165,"M"
10166,"L"
10167,"O"
10168,"N"
10169,"E"
10170,"S"
10171,"R"
10172,"S"
10173,"R"
10174,"A"
10175,"E"
10176,"O"
10177,"T"
10178,"P"
10179,"7"
10180,"r"
10181,"O"
10182,"R"
10183,"E"
10184,"S"
10185,"D"
10186,"e"
10187,"O"
10188,"M"
10189,"T"
10190,"a"
10191,"E"
10192,"L"
10193,"e"
10194,"T"
10195,"A"
10196,"R"
10197,"T"
10198,"R"
10199,"E"
10200,"L"
10201,"S"
10202,"N"
10203,"N"
10204,"F"
10205,"T"
10206,"A"
10207,"L"
10208,"r"
10209,"T"
10210,"R"
10211,"L"
10212,"M"
10213,"C"
10214,"M"
10215,"E"
10216,"H"
10217,"C"
10218,"e"
10219,"M"
10220,"R"
10221,"O"
10222,"e"
10223,"S"
10224,"A"
10225,"O"
10226,"P"
10227,"M"
10228,"A"
10229,"A"
10230,"E"
10231,"r"
10232,"N"
10233,"E"
10234,"O"
10235,"S"
10236,"A"
10237,"T"
10238,"N"
10239,"A"
10240,"I"
10241,"E"
10242,"O"
10243,"V"
10244,"R"
10245,"E"
10246,"R"
10247,"E"
10248,"e"
10249,"A"
10250,"T"
10251,"2"
10252,"C"
10253,"M"
10254,"0"
10255,"L"
10256,"a"
10257,"R"
10258,"P"
10259,"r"
10260,"A"
10261,"A"
10262,"E"
10263,"A"
10264,"A"
10265,"e"
10266,"D"
10267,"S"
10268,"b"
10269,"O"
10270,"M"
10271,"N"
10272,"A"
10273,"P"
10274,"M"
10275,"f"
10276,"n"
10277,"H"
10278,"A"
10279,"A"
10280,"C"
10281,"O"
10282,"I"
10283,"A"
10284,"R"
10285,"a"
10286,"P"
10287,"S"
10288,"O"
10289,"O"
10290,"O"
10291,"L"
10292,"R"
10293,"E"
10294,"A"
10295,"T"
10296,"I"
10297,"O"
10298,"S"
10299,"A"
10300,"N"
10301,"L"
10302,"3"
10303,"T"
10304,"D"
10305,"D"
10306,"E"
10307,"V"
10308,"I"
10309,"a"
10310,"N"
10311,"N"
10312,"I"
10313,"O"
10314,"O"
10315,"N"
10316,"I"
10317,"i"
10318,"E"
10319,"C"
10320,"r"
10321,"n"
10322,"T"
10323,"r"
10324,"O"
10325,"R"
10326,"R"
10327,"1"
10328,"N"
10329,"D"
10330,"C"
10331,"O"
10332,"R"
10333,"I"
10334,"9"
10335,"I"
10336,"A"
10337,"R"
10338,"6"
10339,"l"
10340,"S"
10341,"T"
10342,"A"
10343,"A"
10344,"A"
10345,"e"
10346,"o"
10347,"R"
10348,"O"
10349,"S"
10350,"n"
10351,"e"
10352,"A"
10353,"n"
10354,"I"
10355,"a"
10356,"A"
10357,"S"
10358,"H"
10359,"C"
10360,"A"
10361,"P"
10362,"I"
10363,"I"
10364,"s"
10365,"A"
10366,"T"
10367,"S"
10368,"E"
10369,"T"
10370,"I"
10371,"e"
10372,"T"
10373,"O"
10374,"n"
10375,"E"
10376,"7"
10377,"e"
10378,"S"
10379,"S"
10380,"T"
10381,"E"
10382,"S"
10383,"T"
10384,"P"
10385,"T"
10386,"e"
10387,"S"
10388,"R"
10389,"S"
10390,"S"
10391,"S"
10392,"O"
10393,"S"
10394,"A"
10395,"N"
10396,"E"
10397,"I"
10398,"o"
10399,"A"
10400,"P"
10401,"O"
10402,"I"
10403,"R"
10404,"e"
10405,"I"
10406,"N"
10407,"D"
10408,"T"
10409,"H"
10410,"O"
10411,"A"
10412,"S"
10413,"T"
10414,"E"
10415,"I"
10416,"N"
10417,"E"
10418,"3"
10419,"O"
10420,"E"
10421,"I"
10422,"R"
10423,"O"
10424,"N"
10425,"M"
10426,"N"
10427,"R"
10428,"A"
10429,"E"
10430,"M"
10431,"C"
10432,"A"
10433,"R"
10434,"a"
10435,"Y"
10436,"T"
10437,"A"
10438,"D"
10439,"I"
10440,"o"
10441,"P"
10442,"I"
10443,"0"
10444,"L"
10445,"A"
10446,"I"
10447,"D"
10448,"E"
10449,"t"
10450,"W"
10451,"e"
10452,"R"
10453,"a"
10454,"A"
10455,"C"
10456,"E"
10457,"R"
10458,"R"
10459,"O"
10460,"R"
10461,"L"
10462,"1"
10463,"N"
10464,"A"
10465,"Y"
10466,"I"
10467,"O"
10468,"T"
10469,"n"
10470,"O"
10471,"B"
10472,"D"
10473,"R"
10474,"e"
10475,"O"
10476,"H"
10477,"e"
10478,"A"
10479,"I"
10480,"A"
10481,"O"
10482,"E"
10483,"I"
10484,"B"
10485,"T"
10486,"D"
10487,"H"
10488,"e"
10489,"E"
10490,"A"
10491,"A"
10492,"S"
10493,"O"
10494,"V"
10495,"i"
10496,"e"
10497,"E"
10498,"R"
10499,"T"
10500,"D"
10501,"o"
10502,"I"
10503,"O"
10504,"R"
10505,"S"
10506,"t"
10507,"R"
10508,"N"
10509,"e"
10510,"M"
10511,"R"
10512,"J"
10513,"P"
10514,"0"
10515,"V"
10516,"D"
10517,"i"
10518,"E"
10519,"A"
10520,"N"
10521,"M"
10522,"A"
10523,"O"
10524,"H"
10525,"l"
10526,"H"
10527,"O"
10528,"T"
10529,"i"
10530,"R"
10531,"R"
10532,"L"
10533,"F"
10534,"n"
10535,"O"
10536,"r"
10537,"S"
10538,"M"
10539,"s"
10540,"D"
10541,"e"
10542,"S"
10543,"T"
10544,"A"
10545,"E"
10546,"O"
10547,"S"
10548,"E"
10549,"A"
10550,"N"
10551,"L"
10552,"E"
10553,"O"
10554,"N"
10555,"I"
10556,"a"
10557,"A"
10558,"T"
10559,"L"
10560,"R"
10561,"I"
10562,"D"
10563,"V"
10564,"b"
10565,"E"
10566,"e"
10567,"v"
10568,"R"
10569,"y"
10570,"E"
10571,"n"
10572,"A"
10573,"P"
10574,"A"
10575,"A"
10576,"t"
10577,"A"
10578,"E"
10579,"P"
10580,"r"
10581,"O"
10582,"S"
10583,"A"
10584,"O"
10585,"e"
10586,"E"
10587,"O"
10588,"T"
10589,"n"
10590,"A"
10591,"A"
10592,"o"
10593,"N"
10594,"O"
10595,"A"
10596,"P"
10597,"P"
10598,"a"
10599,"c"
10600,"S"
10601,"A"
10602,"A"
10603,"V"
10604,"1"
10605,"r"
10606,"T"
10607,"S"
10608,"t"
10609,"E"
10610,"V"
10611,"E"
10612,"U"
10613,"O"
10614,"T"
10615,"H"
10616,"a"
10617,"G"
10618,"O"
10619,"o"
10620,"I"
10621,"r"
10622,"L"
10623,"S"
10624,"S"
10625,"S"
10626,"S"
10627,"e"
10628,"R"
10629,"N"
10630,"R"
10631,"O"
10632,"A"
10633,"r"
10634,"C"
10635,"f"
10636,"I"
10637,"E"
10638,"P"
10639,"S"
10640,"L"
10641,"a"
10642,"O"
10643,"I"
10644,"S"
10645,"S"
10646,"e"
10647,"s"
10648,"r"
10649,"O"
10650,"L"
10651,"t"
10652,"A"
10653,"i"
10654,"D"
10655,"R"
10656,"A"
10657,"S"
10658,"H"
10659,"r"
10660,"R"
10661,"i"
10662,"N"
10663,"2"
10664,"S"
10665,"R"
10666,"C"
10667,"H"
10668,"C"
10669,"A"
10670,"t"
10671,"L"
10672,"I"
10673,"M"
10674,"E"
10675,"s"
10676,"a"
10677,"U"
10678,"I"
10679,"S"
10680,"R"
10681,"M"
10682,"R"
10683,"D"
10684,"2"
10685,"0"
10686,"R"
10687,"e"
10688,"A"
10689,"P"
10690,"O"
10691,"O"
10692,"A"
10693,"L"
10694,"A"
10695,"T"
10696,"R"
10697,"F"
10698,"e"
10699,"e"
10700,"E"
10701,"1"
10702,"I"
10703,"S"
10704,"N"
10705,"S"
10706,"I"
10707,"I"
10708,"E"
10709,"S"
10710,"e"
10711,"A"
10712,"E"
10713,"T"
10714,"I"
10715,"R"
10716,"m"
10717,"S"
10718,"N"
10719,"E"
10720,"t"
10721,"R"
10722,"U"
10723,"T"
10724,"I"
10725,"T"
10726,"N"
10727,"I"
10728,"A"
10729,"L"
10730,"C"
10731,"O"
10732,"R"
10733,"e"
10734,"N"
10735,"C"
10736,"A"
10737,"O"
10738,"O"
10739,"O"
10740,"S"
10741,"E"
10742,"T"
10743,"A"
10744,"O"
10745,"T"
10746,"S"
10747,"T"
10748,"E"
10749,"C"
10750,"G"
10751,"A"
10752,"E"
10753,"r"
10754,"T"
10755,"R"
10756,"R"
10757,"A"
10758,"R"
10759,"I"
10760,"I"
10761,"R"
10762,"A"
10763,"P"
10764,"N"
10765,"C"
10766,"G"
10767,"A"
10768,"R"
10769,"T"
10770,"E"
10771,"R"
10772,"T"
10773,"S"
10774,"R"
10775,"N"
10776,"T"
10777,"I"
10778,"N"
10779,"N"
10780,"E"
10781,"T"
10782,"I"
10783,"R"
10784,"E"
10785,"A"
10786,"R"
10787,"R"
10788,"B"
10789,"O"
10790,"N"
10791,"E"
10792,"m"
10793,"P"
10794,"T"
10795,"I"
10796,"M"
10797,"e"
10798,"M"
10799,"E"
10800,"A"
10801,"O"
10802,"T"
10803,"E"
10804,"I"
10805,"k"
10806,"O"
10807,"B"
10808,"C"
10809,"S"
10810,"M"
10811,"r"
10812,"6"
10813,"E"
10814,"L"
10815,"A"
10816,"F"
10817,"G"
10818,"O"
10819,"I"
10820,"t"
10821,"E"
10822,"R"
10823,"R"
10824,"R"
10825,"A"
10826,"O"
10827,"L"
10828,"E"
10829,"E"
10830,"T"
10831,"o"
10832,"T"
10833,"S"
10834,"A"
10835,"M"
10836,"r"
10837,"A"
10838,"E"
10839,"C"
10840,"n"
10841,"H"
10842,"V"
10843,"T"
10844,"a"
10845,"A"
10846,"r"
10847,"N"
10848,"I"
10849,"I"
10850,"G"
10851,"r"
10852,"R"
10853,"A"
10854,"i"
10855,"S"
10856,"E"
10857,"O"
10858,"Q"
10859,"N"
10860,"L"
10861,"R"
10862,"P"
10863,"T"
10864,"D"
10865,"A"
10866,"E"
10867,"R"
10868,"7"
10869,"A"
10870,"I"
10871,"E"
10872,"O"
10873,"O"
10874,"A"
10875,"E"
10876,"S"
10877,"t"
10878,"h"
10879,"n"
10880,"P"
10881,"N"
10882,"I"
10883,"R"
10884,"E"
10885,"5"
10886,"E"
10887,"R"
10888,"P"
10889,"R"
10890,"R"
10891,"T"
10892,"l"
10893,"S"
10894,"N"
10895,"Y"
10896,"E"
10897,"C"
10898,"R"
10899,"C"
10900,"I"
10901,"H"
10902,"D"
10903,"I"
10904,"O"
10905,"O"
10906,"E"
10907,"R"
10908,"E"
10909,"r"
10910,"W"
10911,"I"
10912,"I"
10913,"D"
10914,"N"
10915,"T"
10916,"2"
10917,"M"
10918,"I"
10919,"C"
10920,"E"
10921,"A"
10922,"r"
10923,"A"
10924,"T"
10925,"E"
10926,"N"
10927,"L"
10928,"O"
10929,"I"
10930,"E"
10931,"O"
10932,"V"
10933,"E"
10934,"L"
10935,"H"
10936,"A"
10937,"E"
10938,"f"
10939,"V"
10940,"S"
10941,"D"
10942,"N"
10943,"N"
10944,"E"
10945,"O"
10946,"E"
10947,"r"
10948,"R"
10949,"A"
10950,"C"
10951,"E"
10952,"A"
10953,"T"
10954,"a"
10955,"T"
10956,"6"
10957,"A"
10958,"E"
10959,"O"
10960,"O"
10961,"A"
10962,"A"
10963,"A"
10964,"R"
10965,"T"
10966,"A"
10967,"O"
10968,"A"
10969,"N"
10970,"S"
10971,"R"
10972,"A"
10973,"E"
10974,"E"
10975,"N"
10976,"n"
10977,"A"
10978,"o"
10979,"R"
10980,"I"
10981,"t"
10982,"S"
10983,"D"
10984,"T"
10985,"U"
10986,"a"
10987,"H"
10988,"M"
10989,"2"
10990,"e"
10991,"T"
10992,"E"
10993,"e"
10994,"B"
10995,"O"
10996,"d"
10997,"e"
10998,"D"
10999,"S"
11000,"M"
11001,"A"
11002,"I"
11003,"C"
11004,"L"
11005,"I"
11006,"A"
11007,"O"
11008,"I"
11009,"O"
11010,"N"
11011,"I"
11012,"R"
11013,"A"
11014,"R"
11015,"N"
11016,"S"
11017,"N"
11018,"O"
11019,"A"
11020,"S"
11021,"E"
11022,"r"
11023,"i"
11024,"n"
11025,"T"
11026,"S"
11027,"R"
11028,"I"
11029,"O"
11030,"e"
11031,"A"
11032,"T"
11033,"S"
11034,"C"
11035,"E"
11036,"C"
11037,"C"
11038,"I"
11039,"r"
11040,"r"
11041,"A"
11042,"A"
11043,"n"
11044,"S"
11045,"m"
11046,"O"
11047,"E"
11048,"A"
11049,"N"
11050,"O"
11051,"C"
11052,"i"
11053,"D"
11054,"P"
11055,"t"
11056,"G"
11057,"E"
11058,"R"
11059,"A"
11060,"A"
11061,"r"
11062,"d"
11063,"R"
11064,"V"
11065,"J"
11066,"n"
11067,"O"
11068,"R"
11069,"S"
11070,"E"
11071,"E"
11072,"K"
11073,"D"
11074,"E"
11075,"N"
11076,"E"
11077,"G"
11078,"4"
11079,"O"
11080,"A"
11081,"L"
11082,"L"
11083,"N"
11084,"N"
11085,"n"
11086,"A"
11087,"A"
11088,"2"
11089,"a"
11090,"K"
11091,"T"
11092,"E"
11093,"N"
11094,"R"
11095,"R"
11096,"R"
11097,"O"
11098,"I"
11099,"A"
11100,"I"
11101,"A"
11102,"A"
11103,"C"
11104,"C"
11105,"N"
11106,"e"
11107,"L"
11108,"T"
11109,"e"
11110,"E"
11111,"I"
11112,"E"
11113,"R"
11114,"A"
11115,"R"
11116,"n"
11117,"S"
11118,"S"
11119,"O"
11120,"S"
11121,"R"
11122,"A"
11123,"A"
11124,"E"
11125,"I"
11126,"R"
11127,"r"
11128,"O"
11129,"O"
11130,"a"
11131,"R"
11132,"L"
11133,"T"
11134,"I"
11135,"N"
11136,"P"
11137,"O"
11138,"r"
11139,"A"
11140,"e"
11141,"O"
11142,"2"
11143,"G"
11144,"A"
11145,"U"
11146,"S"
11147,"F"
11148,"R"
11149,"D"
11150,"0"
11151,"N"
11152,"1"
11153,"F"
11154,"R"
11155,"e"
11156,"M"
11157,"E"
11158,"A"
11159,"H"
11160,"G"
11161,"I"
11162,"E"
11163,"S"
11164,"o"
11165,"e"
11166,"A"
11167,"E"
11168,"O"
11169,"A"
11170,"n"
11171,"i"
11172,"E"
11173,"S"
11174,"e"
11175,"e"
11176,"E"
11177,"E"
11178,"i"
11179,"T"
11180,"T"
11181,"y"
11182,"O"
11183,"S"
11184,"V"
11185,"r"
11186,"O"
11187,"o"
11188,"O"
11189,"A"
11190,"L"
11191,"C"
11192,"S"
11193,"O"
11194,"S"
11195,"I"
11196,"E"
11197,"A"
11198,"e"
11199,"v"
11200,"G"
11201,"e"
11202,"S"
11203,"T"
11204,"N"
11205,"S"
11206,"O"
11207,"n"
11208,"S"
11209,"A"
11210,"d"
11211,"N"
11212,"I"
11213,"S"
11214,"P"
11215,"a"
11216,"E"
11217,"N"
11218,"E"
11219,"R"
11220,"A"
11221,"O"
11222,"E"
11223,"E"
11224,"E"
11225,"O"
11226,"M"
11227,"e"
11228,"o"
11229,"D"
11230,"R"
11231,"z"
11232,"A"
11233,"l"
11234,"N"
11235,"E"
11236,"R"
11237,"O"
11238,"O"
11239,"e"
11240,"I"
11241,"L"
11242,"R"
11243,"A"
11244,"I"
11245,"O"
11246,"E"
11247,"M"
11248,"R"
11249,"n"
11250,"R"
11251,"O"
11252,"S"
11253,"R"
11254,"I"
11255,"O"
11256,"P"
11257,"M"
11258,"I"
11259,"E"
11260,"o"
11261,"N"
11262,"D"
11263,"E"
11264,"n"
11265,"O"
11266,"S"
11267,"E"
11268,"R"
11269,"a"
11270,"A"
11271,"C"
11272,"C"
11273,"L"
11274,"E"
11275,"T"
11276,"O"
11277,"D"
11278,"R"
11279,"h"
11280,"D"
11281,"L"
11282,"R"
11283,"A"
11284,"S"
11285,"E"
11286,"T"
11287,"S"
11288,"O"
11289,"r"
11290,"I"
11291,"R"
11292,"a"
11293,"O"
11294,"M"
11295,"A"
11296,"I"
11297,"C"
11298,"0"
11299,"A"
11300,"P"
11301,"D"
11302,"A"
11303,"R"
11304,"S"
11305,"R"
11306,"T"
11307,"N"
11308,"r"
11309,"E"
11310,"A"
11311,"P"
11312,"A"
11313,"1"
11314,"B"
11315,"o"
11316,"J"
11317,"r"
11318,"o"
11319,"M"
11320,"E"
11321,"A"
11322,"R"
11323,"I"
11324,"E"
11325,"r"
11326,"5"
11327,"I"
11328,"H"
11329,"O"
11330,"T"
11331,"S"
11332,"A"
11333,"r"
11334,"T"
11335,"O"
11336,"E"
11337,"A"
11338,"i"
11339,"o"
11340,"D"
11341,"v"
11342,"O"
11343,"I"
11344,"U"
11345,"A"
11346,"E"
11347,"O"
11348,"E"
11349,"D"
11350,"S"
11351,"O"
11352,"T"
11353,"C"
11354,"A"
11355,"9"
11356,"C"
11357,"E"
11358,"C"
11359,"O"
11360,"N"
11361,"T"
11362,"T"
11363,"A"
11364,"t"
11365,"i"
11366,"A"
11367,"A"
11368,"S"
11369,"R"
11370,"A"
11371,"a"
11372,"L"
11373,"r"
11374,"h"
11375,"A"
11376,"R"
11377,"N"
11378,"A"
11379,"A"
11380,"C"
11381,"R"
11382,"S"
11383,"e"
11384,"R"
11385,"6"
11386,"I"
11387,"e"
11388,"E"
11389,"R"
11390,"A"
11391,"P"
11392,"O"
11393,"O"
11394,"A"
11395,"N"
11396,"n"
11397,"O"
11398,"R"
11399,"O"
11400,"N"
11401,"T"
11402,"l"
11403,"L"
11404,"I"
11405,"D"
11406,"T"
11407,"T"
11408,"N"
11409,"H"
11410,"U"
11411,"E"
11412,"I"
11413,"D"
11414,"C"
11415,"T"
11416,"S"
11417,"r"
11418,"e"
11419,"O"
11420,"A"
11421,"O"
11422,"B"
11423,"A"
11424,"e"
11425,"I"
11426,"E"
11427,"e"
11428,"N"
11429,"T"
11430,"N"
11431,"H"
11432,"L"
11433,"H"
11434,"O"
11435,"S"
11436,"E"
11437,"e"
11438,"A"
11439,"r"
11440,"O"
11441,"R"
11442,"A"
11443,"A"
11444,"B"
11445,"E"
11446,"A"
11447,"E"
11448,"S"
11449,"n"
11450,"E"
11451,"T"
11452,"E"
11453,"E"
11454,"S"
11455,"P"
11456,"Y"
11457,"E"
11458,"E"
11459,"e"
11460,"R"
11461,"A"
11462,"I"
11463,"R"
11464,"I"
11465,"L"
11466,"I"
11467,"D"
11468,"A"
11469,"U"
11470,"S"
11471,"s"
11472,"S"
11473,"V"
11474,"D"
11475,"A"
11476,"S"
11477,"A"
11478,"e"
11479,"A"
11480,"G"
11481,"O"
11482,"I"
11483,"E"
11484,"S"
11485,"P"
11486,"S"
11487,"N"
11488,"R"
11489,"N"
11490,"a"
11491,"1"
11492,"S"
11493,"D"
11494,"E"
11495,"A"
11496,"C"
11497,"r"
11498,"R"
11499,"2"
11500,"O"
11501,"r"
11502,"E"
11503,"S"
11504,"N"
11505,"e"
11506,"S"
11507,"O"
11508,"i"
11509,"o"
11510,"R"
11511,"r"
11512,"I"
11513,"O"
11514,"E"
11515,"D"
11516,"o"
11517,"C"
11518,"H"
11519,"c"
11520,"I"
11521,"B"
11522,"M"
11523,"L"
11524,"O"
11525,"O"
11526,"I"
11527,"X"
11528,"O"
11529,"n"
11530,"A"
11531,"A"
11532,"D"
11533,"P"
11534,"A"
11535,"C"
11536,"T"
11537,"R"
11538,"R"
11539,"E"
11540,"U"
11541,"e"
11542,"R"
11543,"R"
11544,"O"
11545,"C"
11546,"I"
11547,"A"
11548,"i"
11549,"O"
11550,"O"
11551,"c"
11552,"i"
11553,"I"
11554,"t"
11555,"I"
11556,"A"
11557,"C"
11558,"R"
11559,"n"
11560,"A"
11561,"R"
11562,"I"
11563,"i"
11564,"I"
11565,"E"
11566,"a"
11567,"A"
11568,"S"
11569,"A"
11570,"C"
11571,"T"
11572,"D"
11573,"e"
11574,"T"
11575,"A"
11576,"H"
11577,"N"
11578,"L"
11579,"S"
11580,"O"
11581,"L"
11582,"O"
11583,"n"
11584,"L"
11585,"I"
11586,"r"
11587,"R"
11588,"O"
11589,"L"
11590,"R"
11591,"E"
11592,"D"
11593,"T"
11594,"O"
11595,"I"
11596,"R"
11597,"M"
11598,"T"
11599,"N"
11600,"T"
11601,"R"
11602,"a"
11603,"O"
11604,"A"
11605,"A"
11606,"D"
11607,"O"
11608,"n"
11609,"S"
11610,"r"
11611,"R"
11612,"E"
11613,"R"
11614,"I"
11615,"r"
11616,"n"
11617,"v"
11618,"A"
11619,"A"
11620,"A"
11621,"E"
11622,"T"
11623,"E"
11624,"R"
11625,"T"
11626,"I"
11627,"O"
11628,"O"
11629,"K"
11630,"T"
11631,"T"
11632,"A"
11633,"S"
11634,"A"
11635,"P"
11636,"e"
11637,"T"
11638,"E"
11639,"S"
11640,"C"
11641,"I"
11642,"r"
11643,"R"
11644,"E"
11645,"T"
11646,"A"
11647,"r"
11648,"y"
11649,"A"
11650,"I"
11651,"T"
11652,"R"
11653,"R"
11654,"O"
11655,"P"
11656,"5"
11657,"C"
11658,"O"
11659,"R"
11660,"O"
11661,"a"
11662,"L"
11663,"E"
11664,"A"
11665,"O"
11666,"s"
11667,"E"
11668,"W"
11669,"2"
11670,"I"
11671,"S"
11672,"L"
11673,"S"
11674,"N"
11675,"L"
11676,"A"
11677,"N"
11678,"A"
11679,"o"
11680,"S"
11681,"n"
11682,"N"
11683,"S"
11684,"e"
11685,"T"
11686,"r"
11687,"N"
11688,"O"
11689,"U"
11690,"C"
11691,"A"
11692,"N"
11693,"A"
11694,"E"
11695,"R"
11696,"6"
11697,"T"
11698,"M"
11699,"M"
11700,"I"
11701,"E"
11702,"A"
11703,"L"
11704,"F"
11705,"A"
11706,"B"
11707,"L"
11708,"E"
11709,"A"
11710,"e"
11711,"C"
11712,"a"
11713,"M"
11714,"g"
11715,"A"
11716,"D"
11717,"l"
11718,"S"
11719,"T"
11720,"e"
11721,"S"
11722,"n"
11723,"A"
11724,"5"
11725,"O"
11726,"A"
11727,"A"
11728,"H"
11729,"R"
11730,"L"
11731,"P"
11732,"3"
11733,"E"
11734,"C"
11735,"E"
11736,"S"
11737,"2"
11738,"I"
11739,"A"
11740,"e"
11741,"t"
11742,"e"
11743,"R"
11744,"E"
11745,"T"
11746,"V"
11747,"R"
11748,"A"
11749,"A"
11750,"H"
11751,"A"
11752,"R"
11753,"N"
11754,"E"
11755,"S"
11756,"A"
11757,"T"
11758,"I"
11759,"I"
11760,"S"
11761,"N"
11762,"N"
11763,"M"
11764,"J"
11765,"e"
11766,"A"
11767,"D"
11768,"I"
11769,"O"
11770,"H"
11771,"N"
11772,"O"
11773,"N"
11774,"O"
11775,"E"
11776,"E"
11777,"N"
11778,"S"
11779,"A"
11780,"R"
11781,"S"
11782,"A"
11783,"N"
11784,"S"
11785,"I"
11786,"E"
11787,"R"
11788,"O"
11789,"A"
11790,"a"
11791,"r"
11792,"L"
11793,"V"
11794,"a"
11795,"i"
11796,"i"
11797,"i"
11798,"L"
11799,"E"
11800,"E"
11801,"N"
11802,"S"
11803,"S"
11804,"A"
11805,"I"
11806,"E"
11807,"T"
11808,"A"
11809,"R"
11810,"O"
11811,"T"
11812,"E"
11813,"o"
11814,"E"
11815,"S"
11816,"N"
11817,"S"
11818,"V"
11819,"h"
11820,"A"
11821,"N"
11822,"Y"
11823,"n"
11824,"A"
11825,"I"
11826,"S"
11827,"I"
11828,"A"
11829,"G"
11830,"I"
11831,"t"
11832,"I"
11833,"9"
11834,"t"
11835,"a"
11836,"O"
11837,"W"
11838,"O"
11839,"E"
11840,"E"
11841,"e"
11842,"T"
11843,"R"
11844,"E"
11845,"2"
11846,"T"
11847,"R"
11848,"M"
11849,"X"
11850,"S"
11851,"D"
11852,"O"
11853,"A"
11854,"D"
11855,"E"
11856,"I"
11857,"T"
11858,"4"
11859,"D"
11860,"R"
11861,"a"
11862,"T"
11863,"E"
11864,"F"
11865,"E"
11866,"E"
11867,"A"
11868,"r"
11869,"o"
11870,"A"
11871,"I"
11872,"a"
11873,"A"
11874,"O"
11875,"O"
11876,"H"
11877,"H"
11878,"A"
11879,"D"
11880,"N"
11881,"R"
11882,"G"
11883,"N"
11884,"D"
11885,"E"
11886,"A"
11887,"R"
11888,"T"
11889,"M"
11890,"A"
11891,"o"
11892,"T"
11893,"D"
11894,"e"
11895,"N"
11896,"S"
11897,"E"
11898,"O"
11899,"D"
11900,"C"
11901,"s"
11902,"H"
11903,"T"
11904,"1"
11905,"o"
11906,"R"
11907,"R"
11908,"S"
11909,"F"
11910,"L"
11911,"L"
11912,"R"
11913,"E"
11914,"S"
11915,"o"
11916,"S"
11917,"s"
11918,"R"
11919,"M"
11920,"I"
11921,"P"
11922,"U"
11923,"e"
11924,"e"
11925,"M"
11926,"R"
11927,"O"
11928,"L"
11929,"N"
11930,"A"
11931,"O"
11932,"L"
11933,"O"
11934,"I"
11935,"2"
11936,"O"
11937,"E"
11938,"A"
11939,"N"
11940,"O"
11941,"O"
11942,"N"
11943,"3"
11944,"E"
11945,"S"
11946,"A"
11947,"T"
11948,"H"
11949,"O"
11950,"D"
11951,"O"
11952,"A"
11953,"T"
11954,"E"
11955,"D"
11956,"E"
11957,"G"
11958,"I"
11959,"A"
11960,"e"
11961,"D"
11962,"E"
11963,"E"
11964,"R"
11965,"E"
11966,"E"
11967,"t"
11968,"M"
11969,"l"
11970,"T"
11971,"E"
11972,"G"
11973,"a"
11974,"T"
11975,"O"
11976,"I"
11977,"E"
11978,"R"
11979,"A"
11980,"e"
11981,"P"
11982,"R"
11983,"R"
11984,"N"
11985,"O"
11986,"R"
11987,"H"
11988,"O"
11989,"E"
11990,"O"
11991,"A"
11992,"R"
11993,"R"
11994,"A"
11995,"c"
11996,"T"
11997,"T"
11998,"A"
11999,"E"
12000,"T"
12001,"E"
12002,"I"
12003,"W"
12004,"R"
12005,"r"
12006,"A"
12007,"M"
12008,"A"
12009,"E"
12010,"S"
12011,"e"
12012,"e"
12013,"E"
12014,"7"
12015,"P"
12016,"A"
12017,"R"
12018,"O"
12019,"D"
12020,"T"
12021,"E"
12022,"O"
12023,"H"
12024,"S"
12025,"o"
12026,"S"
12027,"B"
12028,"E"
12029,"I"
12030,"e"
12031,"M"
12032,"e"
12033,"l"
12034,"O"
12035,"R"
12036,"a"
12037,"E"
12038,"A"
12039,"E"
12040,"D"
12041,"D"
12042,"E"
12043,"0"
12044,"A"
12045,"M"
12046,"s"
12047,"I"
12048,"R"
12049,"o"
12050,"O"
12051,"E"
12052,"M"
12053,"E"
12054,"E"
12055,"R"
12056,"A"
12057,"H"
12058,"L"
12059,"E"
12060,"A"
12061,"D"
12062,"I"
12063,"R"
12064,"M"
12065,"A"
12066,"e"
12067,"T"
12068,"H"
12069,"i"
12070,"C"
12071,"H"
12072,"C"
12073,"H"
12074,"A"
12075,"O"
12076,"E"
12077,"R"
12078,"E"
12079,"h"
12080,"E"
12081,"E"
12082,"a"
12083,"I"
12084,"G"
12085,"E"
12086,"R"
12087,"H"
12088,"e"
12089,"S"
12090,"I"
12091,"R"
12092,"A"
12093,"I"
12094,"T"
12095,"A"
12096,"L"
12097,"e"
12098,"l"
12099,"R"
12100,"7"
12101,"r"
12102,"e"
12103,"D"
12104,"L"
12105,"T"
12106,"t"
12107,"I"
12108,"S"
12109,"o"
12110,"o"
12111,"A"
12112,"I"
12113,"S"
12114,"N"
12115,"0"
12116,"K"
12117,"E"
12118,"e"
12119,"N"
12120,"r"
12121,"V"
12122,"E"
12123,"D"
12124,"L"
12125,"T"
12126,"I"
12127,"O"
12128,"S"
12129,"5"
12130,"C"
12131,"O"
12132,"R"
12133,"E"
12134,"E"
12135,"O"
12136,"I"
12137,"U"
12138,"O"
12139,"S"
12140,"M"
12141,"C"
12142,"L"
12143,"S"
12144,"A"
12145,"A"
12146,"S"
12147,"I"
12148,"P"
12149,"E"
12150,"T"
12151,"O"
12152,"E"
12153,"R"
12154,"C"
12155,"r"
12156,"A"
12157,"A"
12158,"A"
12159,"O"
12160,"E"
12161,"L"
12162,"p"
12163,"I"
12164,"p"
12165,"o"
12166,"D"
12167,"O"
12168,"P"
12169,"D"
12170,"S"
12171,"C"
12172,"A"
12173,"I"
12174,"T"
12175,"I"
12176,"B"
12177,"A"
12178,"E"
12179,"O"
12180,"S"
12181,"C"
12182,"N"
12183,"e"
12184,"H"
12185,"e"
12186,"A"
12187,"O"
12188,"I"
12189,"E"
12190,"N"
12191,"R"
12192,"E"
12193,"S"
12194,"E"
12195,"N"
12196,"I"
12197,"O"
12198,"3"
12199,"C"
12200,"R"
12201,"E"
12202,"N"
12203,"E"
12204,"T"
12205,"B"
12206,"A"
12207,"S"
12208,"Y"
12209,"S"
12210,"I"
12211,"T"
12212,"R"
12213,"N"
12214,"D"
12215,"E"
12216,"N"
12217,"R"
12218,"T"
12219,"R"
12220,"N"
12221,"I"
12222,"A"
12223,"N"
12224,"A"
12225,"E"
12226,"I"
12227,"D"
12228,"I"
12229,"S"
12230,"O"
12231,"2"
12232,"e"
12233,"r"
12234,"L"
12235,"E"
12236,"D"
12237,"T"
12238,"O"
12239,"T"
12240,"R"
12241,"R"
12242,"A"
12243,"T"
12244,"P"
12245,"H"
12246,"R"
12247,"N"
12248,"E"
12249,"R"
12250,"R"
12251,"a"
12252,"D"
12253,"n"
12254,"H"
12255,"r"
12256,"A"
12257,"R"
12258,"I"
12259,"e"
12260,"R"
12261,"O"
12262,"E"
12263,"D"
12264,"T"
12265,"A"
12266,"C"
12267,"E"
12268,"C"
12269,"o"
12270,"e"
12271,"O"
12272,"2"
12273,"I"
12274,"D"
12275,"R"
12276,"0"
12277,"r"
12278,"C"
12279,"I"
12280,"R"
12281,"E"
12282,"A"
12283,"E"
12284,"L"
12285,"I"
12286,"E"
12287,"E"
12288,"I"
12289,"e"
12290,"A"
12291,"N"
12292,"E"
12293,"A"
12294,"N"
12295,"N"
12296,"M"
12297,"R"
12298,"c"
12299,"E"
12300,"I"
12301,"N"
12302,"A"
12303,"O"
12304,"G"
12305,"E"
12306,"A"
12307,"O"
12308,"5"
12309,"r"
12310,"e"
12311,"A"
12312,"M"
12313,"D"
12314,"M"
12315,"N"
12316,"A"
12317,"O"
12318,"E"
12319,"n"
12320,"R"
12321,"C"
12322,"I"
12323,"e"
12324,"R"
12325,"A"
12326,"N"
12327,"f"
12328,"A"
12329,"I"
12330,"t"
12331,"D"
12332,"F"
12333,"F"
12334,"r"
12335,"O"
12336,"N"
12337,"P"
12338,"E"
12339,"7"
12340,"D"
12341,"R"
12342,"S"
12343,"T"
12344,"E"
12345,"r"
12346,"r"
12347,"O"
12348,"O"
12349,"A"
12350,"A"
12351,"S"
12352,"N"
12353,"E"
12354,"N"
12355,"n"
12356,"t"
12357,"T"
12358,"E"
12359,"O"
12360,"A"
12361,"A"
12362,"t"
12363,"R"
12364,"2"
12365,"P"
12366,"R"
12367,"M"
12368,"E"
12369,"i"
12370,"A"
12371,"O"
12372,"E"
12373,"E"
12374,"N"
12375,"I"
12376,"O"
12377,"N"
12378,"C"
12379,"C"
12380,"Y"
12381,"r"
12382,"H"
12383,"O"
12384,"O"
12385,"A"
12386,"C"
12387,"t"
12388,"E"
12389,"U"
12390,"C"
12391,"I"
12392,"L"
12393,"I"
12394,"D"
12395,"A"
12396,"C"
12397,"T"
12398,"E"
12399,"A"
12400,"A"
12401,"E"
12402,"L"
12403,"l"
12404,"D"
12405,"A"
12406,"n"
12407,"E"
12408,"T"
12409,"L"
12410,"N"
12411,"O"
12412,"N"
12413,"E"
12414,"I"
12415,"S"
12416,"i"
12417,"T"
12418,"O"
12419,"7"
12420,"S"
12421,"D"
12422,"I"
12423,"R"
12424,"R"
12425,"T"
12426,"A"
12427,"R"
12428,"E"
12429,"O"
12430,"O"
12431,"R"
12432,"r"
12433,"R"
12434,"i"
12435,"E"
12436,"A"
12437,"A"
12438,"R"
12439,"N"
12440,"R"
12441,"R"
12442,"T"
12443,"O"
12444,"O"
12445,"i"
12446,"S"
12447,"S"
12448,"o"
12449,"C"
12450,"A"
12451,"O"
12452,"A"
12453,"E"
12454,"A"
12455,"C"
12456,"I"
12457,"I"
12458,"A"
12459,"I"
12460,"A"
12461,"S"
12462,"I"
12463,"e"
12464,"i"
12465,"E"
12466,"N"
12467,"U"
12468,"e"
12469,"N"
12470,"C"
12471,"T"
12472,"O"
12473,"O"
12474,"E"
12475,"I"
12476,"O"
12477,"T"
12478,"n"
12479,"R"
12480,"O"
12481,"i"
12482,"A"
12483,"L"
12484,"O"
12485,"N"
12486,"O"
12487,"A"
12488,"m"
12489,"P"
12490,"e"
12491,"S"
12492,"R"
12493,"A"
12494,"N"
12495,"C"
12496,"E"
12497,"T"
12498,"Y"
12499,"O"
12500,"E"
12501,"A"
12502,"A"
12503,"A"
